코드번호,제목,지은이,출판사,대출여부,대출자,장르,상태,기타
10001,수필,피천득,범우사,,,문학·인문,,
10002,무소유,법정,범우사,,,문학·인문,,
10003,바다의 침묵(외),"베르코르/조규철,이정림",범우사,,,문학·인문,,
10004,살며 생각하며,미우라 아야코,범우사,,,문학·인문,,
10005,"오, 고독이여",F.니체,범우사,,,문학·인문,,
10006,어린왕자,A.생테쥐페리,범우사,,,문학·인문,,
10007,톨스토이 인생론,L.톨스토이,범우사,,,문학·인문,,
10008,이 조용한 시간에,김우종,범우사,,,문학·인문,,
10009,목마른 계절,전혜린,범우사,,,문학·인문,,
10010,젊은이여 인생을 이야기하자,A.모르아,범우사,,,문학·인문,,
10011,고독한 당신을 위하여,L.린저,범우사,,,문학·인문,,
10012,김소월 시집,김소월,범우사,,,문학·인문,,
10013,장자,장자,범우사,,,문학·인문,,
10014,예언자,K.지브란,범우사,,,문학·인문,,
10015,윤동주 시집,윤동주,범우사,,,문학·인문,,
10016,명정 40년,변영로,범우사,,,문학·인문,,
10017,산사에 심은 뜻은,이청담,범우사,,,문학·인문,,
10018,애정은 기도처럼,이영도,범우사,,,문학·인문,,
10019,이브의 친형,김남조,범우사,,,문학·인문,,
10020,탈무드,M.토케이어,범우사,,,문학·인문,,
10021,노자도덕경,노자,범우사,,,문학·인문,,
10022,갈매기의 꿈,R.바크,범우사,,,문학·인문,,
10023,우정론,A.보나르,범우사,,,문학·인문,,
10024,명상록,M.아우렐리우스,범우사,,,문학·인문,,
10025,젊은 여성을 위한 인생론,P.벅,범우사,,,문학·인문,,
10026,B사감과 러브레터,현진건,범우사,,,문학·인문,,
10027,느티의 일월,모윤숙,범우사,,,문학·인문,,
10028,로렌스의 성과 사랑,D.H로렌스,범우사,,,문학·인문,,
10029,박인환 시집,박인환,범우사,,,문학·인문,,
10030,모래톱 이야기,김정한,범우사,,,문학·인문,,
10031,창문,김태길,범우사,,,문학·인문,,
10032,방랑,H.헤세,범우사,,,문학·인문,,
10033,손자병법,손무,범우사,,,문학·인문,,
10034,소설·알렉산드리아,이병주,범우사,,,문학·인문,,
10035,전락,A.카뮈,범우사,,,문학·인문,,
10036,사노라면 잊을 날이,윤형두,범우사,,,문학·인문,,
10037,김삿갓 시집,김병연,범우사,,,문학·인문,,
10038,서정주 시집,서정주,범우사,,,문학·인문,,
10039,사람은 무엇으로 사는가,L.톨스토이,범우사,,,문학·인문,,
10040,불가능은 없다,R.슐러,범우사,,,문학·인문,,
10041,딸깍발이,이승희,범우사,,,문학·인문,,
10042,몽테뉴 수상록,M.몽테뉴,범우사,,,문학·인문,,
10043,박재삼 시집,박재삼,범우사,,,문학·인문,,
10044,노인과 바다,E.헤밍웨이,범우사,,,문학·인문,,
10045,향연·뤼시스,플라톤,범우사,,,문학·인문,,
10046,젊은 시인에게 보내는 편지,R.릴케,범우사,,,문학·인문,,
10047,아버지의 뒷모습(외),주자청/허세옥,범우사,,,문학·인문,,
10048,현대의 신,N.쿠치키,범우사,,,문학·인문,,
10049,별·마지막 수업,A.도데,범우사,,,문학·인문,,
10050,인생의 선용,J.러보크,범우사,,,문학·인문,,
10051,브람스를 좋아하세요,F.사강,범우사,,,문학·인문,,
10052,이동주 시집,이동주,범우사,,,문학·인문,,
10053,고독한 산보자의 꿈,J.루소,범우사,,,문학·인문,,
10054,파이돈,플라톤,범우사,,,문학·인문,,
10055,백장미의 수기,I숄,범우사,,,문학·인문,,
10056,소년 시절,H.헤세,범우사,,,문학·인문,,
10057,어떤 사람들이기에,김동길,범우사,,,문학·인문,,
10058,가난한 밤의 산책,C.힐티,범우사,,,문학·인문,,
10059,롱펠로 시집,H.롱펠로,범우사,,,문학·인문,,
10060,명사십리,한용운,범우사,,,문학·인문,,
10061,왼손잡이 여인,P.한트케,범우사,,,문학·인문,,
10062,민중조선사,전석담,범우사,,,문학·인문,,
10063,동문서답,조지훈,범우사,,,문학·인문,,
10064,프로타고라스,플라톤,범우사,,,문학·인문,,
10065,표본실의 청개구리,염상섭,범우사,,,문학·인문,,
10066,문주반생기,양주동,범우사,,,문학·인문,,
10067,신조선혁명론,박열,범우사,,,문학·인문,,
10068,조선과 예술,야나기 무네요시,범우사,,,문학·인문,,
10069,중국혁명론,모택동(외),범우사,,,문학·인문,,
10070,탈출기,최서해,범우사,,,문학·인문,,
10071,바보네 가게,박연구,범우사,,,문학·인문,,
10072,도왜실기,김구,범우사,,,문학·인문,,
10073,공산당 선언,K.마르크스·F.엥겔스,범우사,,,문학·인문,,
10074,조선문학사,이명선,범우사,,,문학·인문,,
10075,권태,이상,범우사,,,문학·인문,,
10076,내 마음속의 그들,한승헌,범우사,,,문학·인문,,
10077,노동자강령,F.라살레,범우사,,,문학·인문,,
10078,장씨일가,유주현,범우사,,,문학·인문,,
10079,백설부,김진섭,범우사,,,문학·인문,,
10080,에코스파즘,A.토플러,범우사,,,문학·인문,,
10081,가난한 농민에게 바란다,N.레닌,범우사,,,문학·인문,,
10082,러시아의 조선침략사,송정환,범우사,,,문학·인문,,
10083,홍경래전,이명선,범우사,,,문학·인문,,
10084,인간만사 새옹지마,리영희,범우사,,,문학·인문,,
10085,청춘을 불사르고,김일엽,범우사,,,문학·인문,,
10086,모범경작생(외),박영준,범우사,,,문학·인문,,
10087,방망이 깎던 노인,윤오영,범우사,,,문학·인문,,
10088,찰스 램 수필선,C.램,범우사,,,문학·인문,,
10089,구도자,고은,범우사,,,문학·인문,,
10090,표해록,장한철,범우사,,,문학·인문,,
10091,월광곡,홍난파,범우사,,,문학·인문,,
10092,무서록,이태준,범우사,,,문학·인문,,
10093,나생문(외),아쿠타가와 류노스케,범우사,,,문학·인문,,
10094,해변의 시,김동석,범우사,,,문학·인문,,
10095,발자크와 스탕달의 예술논쟁,김진욱,범우사,,,문학·인문,,
10096,파한집,이인로,범우사,,,문학·인문,,
10097,역사소품,곽말약,범우사,,,문학·인문,,
10098,체스·아내의 불안,S.츠바이크,범우사,,,문학·인문,,
10099,복덕방,이태준,범우사,,,문학·인문,,
10100,실천론·모순론(외),모택동,범우사,,,문학·인문,,
10101,순오지,홍만종,범우사,,,문학·인문,,
10102,직업으로서의 학문·정치,M.베버,범우사,,,문학·인문,,
10103,요재지이,포송령,범우사,,,문학·인문,,
10104,한설야 단편선,한설야,범우사,,,문학·인문,,
10105,쇼펜하우어 수상록,쇼펜하우어,범우사,,,문학·인문,,
10106,유태인의 성공법,M.토케이어,범우사,,,문학·인문,,
10107,레디메이드 인생,채만식,범우사,,,문학·인문,,
10108,인물 삼국지,모리야 히로시,범우사,,,문학·인문,,
10109,한글 명심보감,장기근,범우사,,,문학·인문,,
10110,조선문화사서설,모리스 쿠랑,범우사,,,문학·인문,,
10111,역옹패설,이제현,범우사,,,문학·인문,,
10112,문장강화,이태준,범우사,,,문학·인문,,
10113,중용·대학,차주환,범우사,,,문학·인문,,
10114,조선미술사연구,윤희순,범우사,,,문학·인문,,
10115,옥중기,오스카 와일드,범우사,,,문학·인문,,
10116,유태인식 돈벌이,후지다 덴,범우사,,,문학·인문,,
10117,가난한 날의 행복,김소운,범우사,,,문학·인문,,
10118,세계의 기적,박광순,범우사,,,문학·인문,,
10119,이퇴계의 활인심방,정숙,범우사,,,문학·인문,,
10120,카네기 처세술,데일 카네기,범우사,,,문학·인문,,
10121,요로원야화기,김승일,범우사,,,문학·인문,,
10122,푸슈킨 산문 소설집,푸슈킨,범우사,,,문학·인문,,
10123,슬견설,이규보,범우사,,,문학·인문,,
10124,보리,한흑구,범우사,,,문학·인문,,
10125,에머슨 수상록,에머슨,범우사,,,문학·인문,,
10126,이사도라 덩컨의 무용에세이,I.덩컨,범우사,,,문학·인문,,
10127,북학의,박제가,범우사,,,문학·인문,,
10128,두뇌혁명,T.R.블랙슬기,범우사,,,문학·인문,,
10129,베이컨 수상록,베이컨,범우사,,,문학·인문,,
10130,동백꽃,김유정,범우사,,,문학·인문,,
10131,평민한문학사,허경진,범우사,,,문학·인문,,
10132,정선아리랑,김병하·김연갑,범우사,,,문학·인문,,
10133,독서요법,황의백,범우사,,,문학·인문,,
10134,나는 왜 기독교인이 아닌가,B.러셀,범우사,,,문학·인문,,
10135,조선사 연구,신채호,범우사,,,문학·인문,,
10136,중국의 신화,장기근,범우사,,,문학·인문,,
10137,무병장생 건강법,배기성,범우사,,,문학·인문,,
10138,조선위인전,신채호,범우사,,,문학·인문,,
10139,정감록비결,편집부엮음,범우사,,,문학·인문,,
10140,유태인 상술,루지다 덴,범우사,,,문학·인문,,
10141,동물농장,조지오웰,범우사,,,문학·인문,,
10142,신록예찬,이양하,범우사,,,문학·인문,,
10143,진도아리랑,박병훈·김연갑,범우사,,,문학·인문,,
10144,중국의 신화(후편),장기근,범우사,,,문학·인문,,
10145,중국인의 에로스,장기근,범우사,,,문학·인문,,
10146,귀여운 여인(외),A.체호프,범우사,,,문학·인문,,
10147,세네카 희곡선,세네카,범우사,,,문학·인문,,
10148,테렌티우스 희곡선,테렌티우스,범우사,,,문학·인문,,
10149,외투·코,고골리,범우사,,,문학·인문,,
10150,카르멘,메리메,범우사,,,문학·인문,,
10151,방법서설,데카르트,범우사,,,문학·인문,,
10152,페이터의 산문,페이터,범우사,,,문학·인문,,
10153,이해사회학의 카테고리,막스 베버,범우사,,,문학·인문,,
10154,러셀의 수상록,러셀,범우사,,,문학·인문,,
10155,속악유희,최영년,범우사,,,문학·인문,,
10156,권리를 위한 투쟁,R.예링,범우사,,,문학·인문,,
10157,돌과의 문답,이규보,범우사,,,문학·인문,,
10158,성황당(외),정비석,범우사,,,문학·인문,,
10159,양쯔강(외),펄벅,범우사,,,문학·인문,,
10160,봄의 수상(외),조지 기싱,범우사,,,문학·인문,,
10161,아미엘 일기,아미엘,범우사,,,문학·인문,,
10162,예언자의 집에서,토마스 만,범우사,,,문학·인문,,
10163,모자철학,가드너,범우사,,,문학·인문,,
10164,짝 잃은 거위를 곡하노라,오상순,범우사,,,문학·인문,,
10165,무하선생 방랑기,김상용,범우사,,,문학·인문,,
10166,어느 시인의 고백,릴케,범우사,,,문학·인문,,
10167,한국의 멋,윤태림,범우사,,,문학·인문,,
10168,자연과 인생,도쿠토미 로카,범우사,,,문학·인문,,
10169,태양의 계절,이시하라 신타로,범우사,,,문학·인문,,
10170,애서광 이야기,구스타브 플로베르,범우사,,,문학·인문,,
10171,명심보감의 명구 191,이응백,범우사,,,문학·인문,,
10172,아큐정전,루쉰,범우사,,,문학·인문,,
10173,인간제대,추식,범우사,,,문학·인문,,
10174,고향산수,마해송,범우사,,,문학·인문,,
10175,아랑의 정조,박종화,범우사,,,문학·인문,,
10176,지사총,조선작,범우사,,,문학·인문,,
10177,유령의 집,최인호,범우사,,,문학·인문,,
10178,목련초,오정희,범우사,,,문학·인문,,
10179,쫓겨난 아담,유치환,범우사,,,문학·인문,,
10180,카마수트라,바스야야니,범우사,,,문학·인문,,
10181,한 가락 공상,밀른,범우사,,,문학·인문,,
10182,사랑의 샘가에서,우치무라 간조,범우사,,,문학·인문,,
10183,황무지 공원에서,유달영,범우사,,,문학·인문,,
10184,조선해학 어수록,장한종,범우사,,,문학·인문,,
10185,조선해학 파수록,부묵자,범우사,,,문학·인문,,
10186,용재총화,성현,범우사,,,문학·인문,,
10187,한국의 가을,박대인,범우사,,,문학·인문,,
10188,남원의 향기,최승범,범우사,,,문학·인문,,
10189,다듬이 소리,채만식,범우사,,,문학·인문,,
10190,부모은중경,안춘근,범우사,,,문학·인문,,
10191,거룩한 본능,김규련,범우사,,,문학·인문,,
10192,연주회 다음날,우치다 핫겐,범우사,,,문학·인문,,
10193,갑사로 가는 길,이상보,범우사,,,문학·인문,,
10194,공상에서 과학으로,엥겔스,범우사,,,문학·인문,,
10195,인도기행,H.헤세,범우사,,,문학·인문,,
10196,신화,이주홍,범우사,,,문학·인문,,
10197,게르마니아,타키투스,범우사,,,문학·인문,,
10198,김강사와 T교수,유진오,범우사,,,문학·인문,,
10199,금강산 애화기,곽말약,범우사,,,문학·인문,,
10200,십자가의 증언,강원룡,범우사,,,문학·인문,,
10201,아네모네의 마담,주요섭,범우사,,,문학·인문,,
10202,병풍에 그린 닭이,나도향,범우사,,,문학·인문,,
10203,조선책략,황준헌,범우사,,,문학·인문,,
10204,시간의 빈 터에서,김열규,범우사,,,문학·인문,,
10205,밖에서 본 자화상,한완상,범우사,,,문학·인문,,
10206,잃어버린 동화,박문하,범우사,,,문학·인문,,
10207,붉은 고양이,루이제 린저,범우사,,,문학·인문,,
10208,봄은 어느 곳에,심훈 외,범우사,,,문학·인문,,
10209,청춘예찬,민태원,범우사,,,문학·인문,,
10210,낙엽을 태우면서,이효석,범우사,,,문학·인문,,
10211,알랭어록,알랭,범우사,,,문학·인문,,
10212,기다리는 마음,송규호,범우사,,,문학·인문,,
10213,난중일기,이순신,범우사,,,문학·인문,,
10214,동양의 달,차주환,범우사,,,문학·인문,,
10215,경세종(외),김필수(외),범우사,,,문학·인문,,
10216,독서와 인생,미키 기요시,범우사,,,문학·인문,,
10217,콜롱바,메리메,범우사,,,문학·인문,,
10218,목축기,안수길,범우사,,,문학·인문,,
10219,허허선생,남정현,범우사,,,문학·인문,,
10220,비늘,윤홍길,범우사,,,문학·인문,,
10221,미켈란젤로의 생애,로맹롤랑,범우사,,,문학·인문,,
10222,산딸기,노천명,범우사,,,문학·인문,,
10223,상식론,토머스 페인,범우사,,,문학·인문,,
10224,베토벤의 생애와 음악,로맹롤랑,범우사,,,문학·인문,,
10225,얼굴,조경희,범우사,,,문학·인문,,
10226,장사의 꿈,황석영,범우사,,,문학·인문,,
10227,임금노동과 자본,카를 마르크스,범우사,,,문학·인문,,
10228,붉은 산,김동인,범우사,,,문학·인문,,
10229,낙동강,조명희,범우사,,,문학·인문,,
10230,호반·대학시절,T. 슈토름,범우사,,,문학·인문,,
10231,맥,김남천,범우사,,,문학·인문,,
10232,지하촌,강경애,범우사,,,문학·인문,,
10233,설국,가와바타 야스나리,범우사,,,문학·인문,,
10234,생명의 계단,김교신,범우사,,,문학·인문,,
10235,법창으로 보는 세계명작,한승헌,범우사,,,문학·인문,,
10236,톨스토이의 생애,로맹롤랑,범우사,,,문학·인문,,
10237,자본론,레닌,범우사,,,문학·인문,,
10238,나의 소원(외),김구,범우사,,,문학·인문,,
10239,측천무후 여의군전(외),서창령(외),범우사,,,문학·인문,,
10240,안티고네,소포클레스,범우사,,,문학·인문,,
10241,한국혼,신규식,범우사,,,문학·인문,,
10242,동양평화론(외),안중근,범우사,,,문학·인문,,
10243,조선혁명선언,신채호,범우사,,,문학·인문,,
10244,나의 아버지 모택동(1),리민,범우사,,,문학·인문,,
10245,나의 아버지 모택동(2),리민,범우사,,,문학·인문,,
10246,만화 토지1,오세영 그림,마로니에북스,,,문학·인문,,
10247,만화 토지2,오세영 그림,마로니에북스,,,문학·인문,,
10248,만화 토지3,오세영 그림,마로니에북스,,,문학·인문,,
10249,만화 토지4,오세영 그림,마로니에북스,,,문학·인문,,
10250,만화 토지5,오세영 그림,마로니에북스,,,문학·인문,,
10251,만화 토지6,오세영 그림,마로니에북스,,,문학·인문,,
10252,만화 토지7,오세영 그림,마로니에북스,,,문학·인문,,
10253,만화 토지8,박명운 그림,마로니에북스,,,문학·인문,,
10254,만화 토지9,박명운 그림,마로니에북스,,,문학·인문,,
10255,만화 토지10,박명운 그림,마로니에북스,,,문학·인문,,
10256,만화 토지11,박명운 그림,마로니에북스,,,문학·인문,,
10257,만화 토지12,박명운 그림,마로니에북스,,,문학·인문,,
10258,만화 토지13,박명운 그림,마로니에북스,,,문학·인문,,
10259,만화 토지14,박명운 그림,마로니에북스,,,문학·인문,,
10260,만화 토지15,박명운 그림,마로니에북스,,,문학·인문,,
10261,만화 토지16,박명운 그림,마로니에북스,,,문학·인문,,
10262,만화 토지17,박명운 그림,마로니에북스,,,문학·인문,,
10263,신의 물방울 1,Tadashi Agi,학산문화사,,,문학·인문,,
10264,신의 물방울 2,Tadashi Agi,학산문화사,,,문학·인문,,
10265,신의 물방울 3,Tadashi Agi,학산문화사,,,문학·인문,,
10266,신의 물방울 4,Tadashi Agi,학산문화사,,,문학·인문,,
10267,신의 물방울 5,Tadashi Agi,학산문화사,,,문학·인문,,
10268,신의 물방울 6,Tadashi Agi,학산문화사,,,문학·인문,,
10269,신의 물방울 7,Tadashi Agi,학산문화사,,,문학·인문,,
10270,신의 물방울 8,Tadashi Agi,학산문화사,,,문학·인문,,
10271,신의 물방울 9,Tadashi Agi,학산문화사,,,문학·인문,,
10272,신의 물방울 10,Tadashi Agi,학산문화사,,,문학·인문,,
10273,신의 물방울 11,Tadashi Agi,학산문화사,,,문학·인문,,
10274,신의 물방울 12,Tadashi Agi,학산문화사,,,문학·인문,,
10275,신의 물방울 13,Tadashi Agi,학산문화사,,,문학·인문,,
10276,신의 물방울 14,Tadashi Agi,학산문화사,,,문학·인문,,
10277,신의 물방울 15,Tadashi Agi,학산문화사,,,문학·인문,,
10278,신의 물방울 16,Tadashi Agi,학산문화사,,,문학·인문,,
10279,신의 물방울 17,Tadashi Agi,학산문화사,,,문학·인문,,
10280,신의 물방울 18,Tadashi Agi,학산문화사,,,문학·인문,,
10281,신의 물방울 19,Tadashi Agi,학산문화사,,,문학·인문,,
10282,신의 물방울 20,Tadashi Agi,학산문화사,,,문학·인문,,
10283,신의 물방울 21,Tadashi Agi,학산문화사,,,문학·인문,,
10284,신의 물방울 22,Tadashi Agi,학산문화사,,,문학·인문,,
10285,신의 물방울 23,Tadashi Agi,학산문화사,,,문학·인문,,
10286,신의 물방울 24,Tadashi Agi,학산문화사,,,문학·인문,,
10287,신의 물방울 25,Tadashi Agi,학산문화사,,,문학·인문,,
10288,신의 물방울 26,Tadashi Agi,학산문화사,,,문학·인문,,
10289,신의 물방울 27,Tadashi Agi,학산문화사,,,문학·인문,,
10290,신의 물방울 28,Tadashi Agi,학산문화사,,,문학·인문,,
10291,신의 물방울 29,Tadashi Agi,학산문화사,,,문학·인문,,
10292,신의 물방울 30,Tadashi Agi,학산문화사,,,문학·인문,,
10293,신의 물방울 31,Tadashi Agi,학산문화사,,,문학·인문,,
10294,신의 물방울 32,Tadashi Agi,학산문화사,,,문학·인문,,
10295,신의 물방울 33,Tadashi Agi,학산문화사,,,문학·인문,,
10296,신의 물방울 34,Tadashi Agi,학산문화사,,,문학·인문,,
10297,신의 물방울 35,Tadashi Agi,학산문화사,,,문학·인문,,
10298,신의 물방울 36,Tadashi Agi,학산문화사,,,문학·인문,,
10299,신의 물방울 37,Tadashi Agi,학산문화사,,,문학·인문,,
10300,신의 물방울 38,Tadashi Agi,학산문화사,,,문학·인문,,
10301,신의 물방울 39,Tadashi Agi,학산문화사,,,문학·인문,,
10302,신의 물방울 40,Tadashi Agi,학산문화사,,,문학·인문,,
10303,신의 물방울 41,Tadashi Agi,학산문화사,,,문학·인문,,
10304,신의 물방울 42,Tadashi Agi,학산문화사,,,문학·인문,,
10305,신의 물방울 43,Tadashi Agi,학산문화사,,,문학·인문,,
10306,신의 물방울 44,Tadashi Agi,학산문화사,,,문학·인문,,
10307,토지 1,박경리,나남출판사,,,문학·인문,,
10308,토지 2,박경리,나남출판사,,,문학·인문,,
10309,토지 3,박경리,나남출판사,,,문학·인문,,
10310,토지 4,박경리,나남출판사,,,문학·인문,,
10311,토지 5,박경리,나남출판사,,,문학·인문,,
10312,토지 6,박경리,나남출판사,,,문학·인문,,
10313,토지 7,박경리,나남출판사,,,문학·인문,,
10314,토지 8,박경리,나남출판사,,,문학·인문,,
10315,토지 9,박경리,나남출판사,,,문학·인문,,
10316,토지 10,박경리,나남출판사,,,문학·인문,,
10317,토지 11,박경리,나남출판사,,,문학·인문,,
10318,토지 12,박경리,나남출판사,,,문학·인문,,
10319,토지 13,박경리,나남출판사,,,문학·인문,,
10320,토지 14,박경리,나남출판사,,,문학·인문,,
10321,토지 15,박경리,나남출판사,,,문학·인문,,
10322,토지 16,박경리,나남출판사,,,문학·인문,,
10323,토지 17,박경리,나남출판사,,,문학·인문,,
10324,토지 18,박경리,나남출판사,,,문학·인문,,
10325,토지 19,박경리,나남출판사,,,문학·인문,,
10326,토지 20,박경리,나남출판사,,,문학·인문,,
10327,토지 21,박경리,나남출판사,,,문학·인문,,
10328,홍루몽 3,조설근.고악,청계,,,문학·인문,,
10329,홍루몽 4,조설근.고악,청계,,,문학·인문,,
10330,홍루몽 5,조설근.고악,청계,,,문학·인문,,
10331,홍루몽 6,조설근.고악,청계,,,문학·인문,,
10332,홍루몽 7,조설근.고악,청계,,,문학·인문,,
10333,홍루몽 8,조설근.고악,청계,,,문학·인문,,
10334,홍루몽 9,조설근.고악,청계,,,문학·인문,,
10335,홍루몽 10,조설근.고악,청계,,,문학·인문,,
10336,홍루몽 11,조설근.고악,청계,,,문학·인문,,
10337,홍루몽 12,조설근.고악,청계,,,문학·인문,,
10338,노신선집 1,노신(주수인),여강출판사,,,문학·인문,,
10339,노신선집 2,노신(주수인),여강출판사,,,문학·인문,,
10340,노신선집 3,노신(주수인),여강출판사,,,문학·인문,,
10341,노신선집 4,노신(주수인),여강출판사,,,문학·인문,,
10342,정지용 전집 1,정지용,믿음사,,,문학·인문,,
10343,정지용 전집 2,정지용,믿음사,,,문학·인문,,
10344,마의산 1,토마스만,흥신문화사,,,문학·인문,,
10345,마의산 2,토마스만,흥신문화사,,,문학·인문,,
10346,"괴델, 에셔, 바흐 (상)",더글러스호프스태터,까치글방,,,문학·인문,,
10347,"괴델, 에셔, 바흐 (하)",더글러스호프스태터,까치글방,,,문학·인문,,
10348,신곡 (상),단테,범우사,,,문학·인문,,
10349,신곡 (하),단테,범우사,,,문학·인문,,
10350,에밀,루소,흥신문화사,,,문학·인문,,
10351,꿈의해석,프로이트,흥신문화사,,,문학·인문,,
10352,설국,가와바타 야스나리,민음사,,,문학·인문,,
10353,은예술가의 초상화,제임스조이스,민음사,,,문학·인문,,
10354,고도를 기다리며,사무엘버케트,민음사,,,문학·인문,,
10355,허클베리핀의 모험,마크트웨인,민음사,,,문학·인문,,
10356,변신이야기 1,오비디우스,민음사,,,문학·인문,,
10357,변신이야기 2,오비디우스,민음사,,,문학·인문,,
10358,원효의 금강삼매경론,원효,일지사,,,문학·인문,,
10359,당시선,이병한 외,서울대학교출판부,,,문학·인문,,
10360,새로풀어 다시읽는 주역,서대원,이른아침,,,문학·인문,,
10361,그리스 · 로마신화,티라스불핀치,범우사,,,문학·인문,,
10362,마음,나쓰메소세키,웅진지식하우스,,,문학·인문,,
10363,변신,카프카,신원문화사,,,문학·인문,,
10364,천변풍경,박태원,깊은샘,,,문학·인문,,
10365,사단칠정론,민족과사상연구회,서광사,,,문학·인문,,
10366,한중록,혜경궁홍씨,신원문화사,,,문학·인문,,
10367,목민심서,정약용,홍신문화사,,,문학·인문,,
10368,양철북,컨터그라스,범우사,,,문학·인문,,
10369,변신인형,왕멍,문학과지성사,,,문학·인문,,
10370,섬기며사는기쁨,김장환,생각의나무,,,문학·인문,,
10371,처용수필,-,처용수필문학회,,,문학·인문,,
10372,"안병욱, 나를위한인생12장",안병욱,자유문학사,,,문학·인문,,
10373,백년동안의 고독,G마르게스,문학사상,,,문학·인문,,
10374,방법서설,르네데카르트,문예출판사,,,문학·인문,,
10375,셰익스피어 4대비극,셰익스피어,아름다운날,,,문학·인문,,
10376,셰익스피어 5대희극,셰익스피어,아름다운날,,,문학·인문,,
10377,체호프 4대희곡,A.P체호프,혜운출판사,,,문학·인문,,
10378,간디자서전,간디,한길사,,,문학·인문,,
10379,주홍글씨,나다니엘호손,대교베텔스만,,,문학·인문,,
10380,까라마조프씨네형제들 (상),도스또예프스끼,열린책들,,,문학·인문,,
10381,까라마조프씨네형제들 (하),도스또예프스끼,열린책들,,,문학·인문,,
10382,카인의 후예,황순원,문학과지성사,,,문학·인문,,
10383,고향,이기영,푸른사상,,,문학·인문,,
10384,인간문제,강경애,문학과지성사,,,문학·인문,,
10385,삼대,염상섭,문학과지성사,,,문학·인문,,
10386,대학 · 중용,주희,홍익출판사,,,문학·인문,,
10387,맹자,맹자,홍익출판사,,,문학·인문,,
10388,논어,공자,홍익출판사,,,문학·인문,,
10389,우파니샤드,-,풀빛,,,문학·인문,,
10390,성학십도,이황,풀빛,,,문학·인문,,
10391,니코마코스윤리학,아리스토텔레스,풀빛,,,문학·인문,,
10392,오디세이아,호메로스,소담출판사,,,문학·인문,,
10393,일리아스,호메로스,소담출판사,,,문학·인문,,
10394,무정,이광수,청목,,,문학·인문,,
10395,돈키호테,세르반테스,청목,,,문학·인문,,
10396,구운몽,김반중,청목,,,문학·인문,,
10397,위대한 유산,찰스디컨스,혜원,,,문학·인문,,
10398,자유론,J.S밀,홍신문화사,,,문학·인문,,
10399,그리스비극 아이스킬로스,아이스킬로스,해남사,,,문학·인문,,
10400,그리스비극 소포클레스,소포클레스,해남사,,,문학·인문,,
10401,그리스비극 에우리피데스,에우리피데스,해남사,,,문학·인문,,
10402,탁류,채만식,하서,,,문학·인문,,
10403,제자백가,안길환 외역,명문당,,,문학·인문,,
10404,아니기도하고같기도하고,로얼드로프만,까치글방,,,문학·인문,,
10405,연암산문선,박지원,거송미디어,,,문학·인문,,
10406,장자,-,신원문화사,,,문학·인문,,
10407,국가론,플라톤,돋을새김,,,문학·인문,,
10408,니체의도덕계보학,박찬국,삼성출판사,,,문학·인문,,
10409,춘향전/심청전,-,청목,,,문학·인문,,
10410,도덕형이상학을 위한기초놓기,이마누엘칸트,책세상,,,문학·인문,,
10411,황무지,엘리엇,민음사,,,문학·인문,,
10412,보바리부인,구스타브플로베르,다락원,,,문학·인문,,
10413,아함경,마스타니후미오,해남사,,,문학·인문,,
10414,광장/구운몽,최인훈,문학과지성사,,,문학·인문,,
10415,안나 카레니나(상),레프 톨스토이,범우사,,,문학·인문,,
10416,안나 카레니나(하),레프 톨스토이,범우사,,,문학·인문,,
10417,보르헤스전집 2 불한당들의 세계사,보르헤스,민음사,,,문학·인문,,
10418,잃어버린 시간을 찾아서 1,마르셀프루스트,주일미디어,,,문학·인문,,
10419,잃어버린 시간을 찾아서 2,마르셀프루스트,주일미디어,,,문학·인문,,
10420,사랑을선택하는특별한기준2,김형경,푸른숲,,,문학·인문,,
10421,불씨 1,도몬후유지,굿인포메이션,,,문학·인문,,
10422,불씨 2,도몬후유지,굿인포메이션,,,문학·인문,,
10423,인연,피천득,샘터,,,문학·인문,,
10424,무지개원리,차동엽,위즈앤비즈,,,문학·인문,,
10425,멀어져도큰산으로남는스님,일지,우리출판사,,,문학·인문,,
10426,상실의시대,무라카미 하루키,문학사상사,,,문학·인문,,
10427,나무들비탈에서다,황순원,문학과지성사,,,문학·인문,,
10428,식객 1,허영만,김영사,,,문학·인문,,
10429,식객 2,허영만,김영사,,,문학·인문,,
10430,식객 3,허영만,김영사,,,문학·인문,,
10431,식객 4,허영만,김영사,,,문학·인문,,
10432,식객 5,허영만,김영사,,,문학·인문,,
10433,식객 6,허영만,김영사,,,문학·인문,,
10434,식객 7,허영만,김영사,,,문학·인문,,
10435,식객 8,허영만,김영사,,,문학·인문,,
10436,식객 9,허영만,김영사,,,문학·인문,,
10437,식객 10,허영만,김영사,,,문학·인문,,
10438,식객 11,허영만,김영사,,,문학·인문,,
10439,식객 12,허영만,김영사,,,문학·인문,,
10440,식객 13,허영만,김영사,,,문학·인문,,
10441,식객 14,허영만,김영사,,,문학·인문,,
10442,식객 15,허영만,김영사,,,문학·인문,,
10443,식객 17,허영만,김영사,,,문학·인문,,
10444,식객 18,허영만,김영사,,,문학·인문,,
10445,시크릿,론다번,살림,,,문학·인문,,
10446,진주귀고리소녀,트레이시슈발리에,강,,,문학·인문,,
10447,설득의심리학,로버트 치알디니,21세기북스,,,문학·인문,,
10448,문학의숲을거닐다,장영회,샘터,,,문학·인문,,
10449,미실,김별아,문이당,,,문학·인문,,
10450,살아있는동안꼭해야할49가지,탄저잉,위즈덤하우스,,,문학·인문,,
10451,몽고반점,한강외,문학사상사,,,문학·인문,,
10452,나무,베르나르베르베르,열린책들,,,문학·인문,,
10453,시가내게로왔다,김용택,마음산책,,,문학·인문,,
10454,시가내게로왔다2,김용태,마음산책,,,문학·인문,,
10455,사람풍경,김형경,예담,,,문학·인문,,
10456,신경림의시인을찾아서,신경림,우리교육,,,문학·인문,,
10457,아버지의위대한유산,게리스탠리,위즈덤하우스,,,문학·인문,,
10458,하악하악,이외수,해냄,,,문학·인문,,
10459,더로드,코맥매카시,문학동네,,,문학·인문,,
10460,달콤한나의도시,정이현,문학과지성사,,,문학·인문,,
10461,남한산성,김훈,학고재,,,문학·인문,,
10462,즐거운나의집,공지영,푸른숲,,,문학·인문,,
10463,사랑하기때문에,기욤뮈소,밝은세상,,,문학·인문,,
10464,공중그네,오쿠다히데오,은행나무,,,문학·인문,,
10465,생활의발견,임어당,혜원,,,문학·인문,,
10466,세종처럼,박현모,미다스북스,,,문학·인문,,
10467,구해줘,기욤뮈소,밝은세상,,,문학·인문,,
10468,순례자,파울로 코엘료,문학동네,,,문학·인문,,
10469,1984년,조지 오웰,문예출판사,,,문학·인문,,
10470,모방범1,미야베미유키,문학동네,,,문학·인문,,
10471,모방범2,미야베미유키,문학동네,,,문학·인문,,
10472,모방범3,미야베미유키,문학동네,,,문학·인문,,
10473,개밥바라기별,황석영,문학동네,,,문학·인문,,
10474,끌림,이병률,랜덤하우스,,,문학·인문,,
10475,버리고갈것만남아서참홀가분하다,박경리,마로니예북스,,,문학·인문,,
10476,향수,파트리크 쥐스킨트,열린책들,,,문학·인문,,
10477,울보하야오,가와이 하야오,뜨인돌,,,문학·인문,,
10478,나의도시 당신의 풍경,김연수,문학동네,,,문학·인문,,
10479,빨간머리앤,루시 모드 몽고메리,인디고,,,문학·인문,,
10480,트와일라잇,스테프니 메이어,B북폴리오,,,문학·인문,,
10481,바람의화원2,이정명,밀리언하우스,,,문학·인문,,
10482,덕혜옹주,권비영,다산책방,,,문학·인문,,
10483,디오니소스의 철학(1),마시모 도나,시그마 북스,,,문학·인문,,
10484,나는 아내와의 결혼을 후회한다,김정운,샘앤파커스,,,문학·인문,,
10485,여자도 여자를 모른다,이외수,해냄,,,문학·인문,,
10486,"그남자는 거기, 있었다.","2010,2009 경상일보 신춘문예당선 작품집",경상일보,,,문학·인문,,
10487,타샤의 열두달,타샤투더,윌북,,,문학·인문,,
10488,아불류 시불류,이외수,해냄,,,문학·인문,,
10489,어디선가 나를 찾는 전화벨이 울리고,신경숙,문학동네,,,문학·인문,,
10490,돼지꿈,오정희,랜덤하우스,,,문학·인문,,
10491,종이여자,기욤뮈소,밝은세상,,,문학·인문,,
10492,왜 나는 너를 사랑하는가,알랭드보통,도서출판 청미래,,,문학·인문,,
10493,경허만공의 선풍과 법맥,대한불교조계종 교육원 불학연구소,조계종출판사,,,문학·인문,,
10494,엄마를 부탁해,신경숙,창비,,,문학·인문,,
10495,백설공주에게 죽음을,넬레 노이하우스,북로드,,,문학·인문,,
10496,어떤 날 그녀들이,임경선,학고재,,,문학·인문,,
10497,위험한 관계,더글라스 케네디,밝은세상,,,문학·인문,,
10498,낯익은 타인들의 도시,최인호,여백,,,문학·인문,,
10499,니체의 말,시라토리 하루히코,삼호미디어,,,문학·인문,,
10500,난세에 답하다(사마천의 인간 탐구),김영수,알마,,,문학·인문,,
10501,차라투스트라는 이렇게 말했다,프리드리히니체,민음사,,,문학·인문,,
10502,1Q84. 1,무라카미 하루키,문학동네,,,문학·인문,,
10503,1Q84. 2,무라카미 하루키,문학동네,,,문학·인문,,
10504,1Q84. 3,무라카미 하루키,문학동네,,,문학·인문,,
10505,너무친한 친구들,넬레 노이하우스,북로드,,,문학·인문,,
10506,D등급 그녀,진소라,예담,,,문학·인문,,
10507,내가 잠들기 전에,S.J.왓슨,랜덤하우스,,,문학·인문,,
10508,도가니,공지영,창비,,,문학·인문,,
10509,열하일기1,박지원,돌베개,,,문학·인문,,
10510,열하일기2,박지원,돌베개,,,문학·인문,,
10511,열하일기3,박지원,돌베개,,,문학·인문,,
10512,무신,이수광,아름다운날,,,문학·인문,,
10513,해를 품은 달 1,정은궐,파란미디어,,,문학·인문,,
10514,해를 품은 달 2,정은궐,파란미디어,,,문학·인문,,
10515,천사의 부름,기욤뮈소,밝은세상,,,문학·인문,,
10516,두근두근 내인생,김애란,창비,,,문학·인문,,
10517,모멘트,더글라스 케네디,밝은세상,,,문학·인문,,
10518,멈추면 비로소 보이는 것들,혜민스님,샘앤파커스,,,문학·인문,,
10519,사람풍경(김형경 심리 에세이 시리즈),김형경,사람풍경,,,문학·인문,,
10520,젊은 베르테르의 슬픔,요한볼프강 폰 괴테,문학동네,,,문학·인문,,
10521,절대지식 세계고전,사사키 다케시,이다미디어,,,문학·인문,,
10522,위키드 1,그레고리머과,민음사,,,문학·인문,,
10523,위키드 2,그레고리머과,민음사,,,문학·인문,,
10524,위키드 3,그레고리머과,민음사,,,문학·인문,,
10525,위키드 4,그레고리머과,민음사,,,문학·인문,,
10526,삼국지1,나관중,창작과비평사,,,문학·인문,,
10527,삼국지2,나관중,창작과비평사,,,문학·인문,,
10528,삼국지3,나관중,창작과비평사,,,문학·인문,,
10529,삼국지4,나관중,창작과비평사,,,문학·인문,,
10530,삼국지5,나관중,창작과비평사,,,문학·인문,,
10531,삼국지6,나관중,창작과비평사,,,문학·인문,,
10532,삼국지7,나관중,창작과비평사,,,문학·인문,,
10533,삼국지8,나관중,창작과비평사,,,문학·인문,,
10534,삼국지9,나관중,창작과비평사,,,문학·인문,,
10535,삼국지10,나관중,창작과비평사,,,문학·인문,,
10536,내가알고있는걸 당신도 알게된다면,칼 필레머,토네이도,,,문학·인문,,
10537,히스토리아,주경철,산처럼,,,문학·인문,,
10538,삶을 바꾼 만남,정민,문학동네,,,문학·인문,,
10539,죽기전에 한번은 유대인을 만나라,랍비 조셉텔,북스넛,,,문학·인문,,
10540,빅 픽처,더글라스 케네디,밝은세상,,,문학·인문,,
10541,나는 희망의 증거가 되고싶다,서진규,랜덤하우스코리아,,,문학·인문,,
10542,오래 뜨겁게 일한다,전미옥,나무발전소,,,문학·인문,,
10543,군주론,마키아벨리,까치글방,,,문학·인문,,
10544,나는 그녀를 사랑했네,안나 가발다,문학세계사,,,문학·인문,,
10545,크로스 1,진중권,웅진지식하우스,,,문학·인문,,
10546,크로스 2,진중권,웅진지식하우스,,,문학·인문,,
10547,천번을 흔들려야 어른이 된다,김난도,오우아,,,문학·인문,,
10548,창조자들,폴존슨,황금가지,,,문학·인문,,
10549,생각의 탄생,"로버트루트번스타인,미셀루트번스타인",에코의서재,,,문학·인문,,
10550,한국의 사찰(상),대한불교진흥원,대한불교진흥원,,,문학·인문,,
10551,한국의 사찰(하),대한불교진흥원,대한불교진흥원,,,문학·인문,,
10552,서른엔 행복해지기로 했다.,김신회,미호,,,문학·인문,,
10553,조선왕조실록1,박영규,웅진닷컴,,,문학·인문,,
10554,조선왕조실록2,박영규,웅진닷컴,,,문학·인문,,
10555,조선왕조실록3,박영규,웅진닷컴,,,문학·인문,,
10556,나에게는 꿈이 있습니다,클레이본 카슨,바다출판사,,,문학·인문,,
10557,세상에 예쁜것,박완서,마음산책,,,문학·인문,,
10558,템테이션,더글라스 케네디,밝은세상,,,문학·인문,,
10559,7년후,기욤뮈소,밝은세상,,,문학·인문,,
10560,선택의 조건,바스카스트,한국경제신문,,,문학·인문,,
10561,사랑외전,이외수,해냄출판사,,,문학·인문,,
10562,와일드,셰릴 스트레이드,나무의 철학,,,문학·인문,,
10563,지금 시작하는 인문학,주현성,더좋은책,,,문학·인문,,
10564,소울케이지,씨엘북스,혼다테쓰야,,,문학·인문,,
10565,고래,천명관,문학동네,,,문학·인문,,
10566,7년의 밤,정유정,은행나무,,,문학·인문,,
10567,그리스인 조르바,니코스 카잔차,열린책들,,,문학·인문,,
10568,시간을 파는 상점,김선영,자음과모음,,,문학·인문,,
10569,은하영웅전설 1,다나카 요시키,이타카,,,문학·인문,,
10570,최고의 교사,EBS 최고의교사 제작팀,문학동네,,,문학·인문,,
10571,FBI행동의 심리학,"마빈칼린스,조내버로",리더스북,,,문학·인문,,
10572,안철수의 생각,안철수,김영사,,,문학·인문,,
10573,무지개 곶의 찻집,모리사와 아키오,샘터,,,문학·인문,,
10574,안된다고 하지말고 아니라고 하지말고,임윤택,해냄출판사,,,문학·인문,,
10575,콰이어트,수전케일,알에이치코리아,,,문학·인문,,
10576,김태훈의 러브토크,김태훈,링거스그룹,,,문학·인문,,
10577,세상의 모든 전략은 전쟁에서 탄생했다,임용한,교보문고,,,문학·인문,,
10578,사랑의기초(한남자),알랭드 보통,톨,,,문학·인문,,
10579,사랑의기초(한여자),정이현,톨,,,문학·인문,,
10580,왜 원하는 대로 살지 않는가,김태관,홍익출판사,,,문학·인문,,
10581,바람이 분다 당신이 좋다,이병률,달,,,문학·인문,,
10582,책은도끼다,박웅현,북하우스,,,문학·인문,,
10583,고령화 가족,천명관,문학동네,,,문학·인문,,
10584,국민이 신이다,이승헌,한문화,,,문학·인문,,
10585,나는 다만 조금 느릴 뿐이다,강세형,샘앤파커스,,,문학·인문,,
10586,나는 내일을 기다리지 않는다,강수진,인플루엔셜,,,문학·인문,,
10587,문명의 배꼽 그리스,박경철,리더스북,,,문학·인문,,
10588,유대인 이야기,홍익희,행성B잎새,,,문학·인문,,
10589,"이봐, 해봤어?(시련을 사랑한 정주영)",박정웅,FKI미디어,,,문학·인문,,
10590,화랑세기,김대문,소나무,,,문학·인문,,
10591,스노우맨,요 네스뵈,비채,,,문학·인문,,
10592,7번국도 Revisited,김연수,문학동네,,,문학·인문,,
10593,지지않는다는 말,김연수,마음의숲,,,문학·인문,,
10594,파이이야기,얀마텔,얀 마텔,,,문학·인문,,
10595,꾸빼씨의 행복여행,프랑수아 를로르,오래된 미래,,,문학·인문,,
10596,구암 허준,이재운,책이있는마을,,,문학·인문,,
10597,365 매일 읽는 긍정의 한 줄,린다 피콘,책이있는풍경,,,문학·인문,,
10598,역사 e,EBS 역사채널,북스하우스,,,문학·인문,,
10599,하워드의 선물,에릭 시노웨이,위즈덤 하우스,,,문학·인문,,
10600,잠깐 멈춤,고도원,해냄출판사,,,문학·인문,,
10601,도르와 함께한 인생여행,미치앨봄,21세기북스,,,문학·인문,,
10602,생각대로 살지 않으면 사는대로 생각하게 된다1,은지성,황소북스,,,문학·인문,,
10603,생각대로 살지 않으면 사는대로 생각하게 된다2,은지성,황소북스,,,문학·인문,,
10604,천 개의 찬란한 태양,할레드 호세이니,현대문학,,,문학·인문,,
10605,글쓰기 공작소,이만교,그린비,,,문학·인문,,
10606,할,최인호,여백,,,문학·인문,,
10607,위대한 개츠비,F.스콧 피츠제럴드,문학동네,,,문학·인문,,
10608,배를엮다,미우라 시온,은행나무,,,문학·인문,,
10609,서른살의 집,노석미,마음산책,,,문학·인문,,
10610,노인을 위한 나라는 없다,코맥 매카시,올,,,문학·인문,,
10611,삶은 속도가 아니라 방향이다,"수영,전성민",루이앤휴잇,,,문학·인문,,
10612,고우영 삼국지1,고우영,애니북스,,,문학·인문,,
10613,고우영 삼국지2,고우영,애니북스,,,문학·인문,,
10614,고우영 삼국지3,고우영,애니북스,,,문학·인문,,
10615,고우영 삼국지4,고우영,애니북스,,,문학·인문,,
10616,고우영 삼국지5,고우영,애니북스,,,문학·인문,,
10617,고우영 삼국지6,고우영,애니북스,,,문학·인문,,
10618,고우영 삼국지7,고우영,애니북스,,,문학·인문,,
10619,고우영 삼국지8,고우영,애니북스,,,문학·인문,,
10620,고우영 삼국지9,고우영,애니북스,,,문학·인문,,
10621,고우영 삼국지10,고우영,애니북스,,,문학·인문,,
10622,레미제라블1,빅또르위고,펭귄클레식코리아,,,문학·인문,,
10623,레미제라블2,빅또르위고,펭귄클레식코리아,,,문학·인문,,
10624,레미제라블3,빅또르위고,펭귄클레식코리아,,,문학·인문,,
10625,레미제라블4,빅또르위고,펭귄클레식코리아,,,문학·인문,,
10626,레미제라블5,빅또르위고,펭귄클레식코리아,,,문학·인문,,
10627,풍선,정이현,마음산책,,,문학·인문,,
10628,작별,정이현,마음산책,,,문학·인문,,
10629,건지 감자껍질파이 북클럽,메리 앤 새퍼,이덴슬리벨,,,문학·인문,,
10630,달에게 들려주고싶은이야기,신경숙,문학동네,,,문학·인문,,
10631,무슨일이 잇어났는지 아무도,김영하,문학동네,,,문학·인문,,
10632,28,정유정,은행나무,,,문학·인문,,
10633,걸어서 에덴까지,유안진,문예중앙,,,문학·인문,,
10634,숲속의 방,강석경,민음사,,,문학·인문,,
10635,신성한 봄,강석경,민음사,,,문학·인문,,
10636,내 심장을 쏴라,정유정,은행나무,,,문학·인문,,
10637,죽은 왕녀를 위한 파반느,박민규,예담,,,문학·인문,,
10638,자기앞의 생,에밀 아자르,문학동네,,,문학·인문,,
10639,너는 눈부시지만 나는 눈물겹다,이정하,푸른숲,,,문학·인문,,
10640,노트르담 드 파리,빅토르 위고,동서문화사,,,문학·인문,,
10641,백년의 고독1,가브리엘 가르시아 마르케스,민음사,,,문학·인문,,
10642,백년의 고독2,가브리엘 가르시아 마르케스,민음사,,,문학·인문,,
10643,헝거게임1(헝거게임),수잔 콜린스,북폴리오,,,문학·인문,,
10644,헝거게임2(캣칭파이어),수잔 콜린스,북폴리오,,,문학·인문,,
10645,헝거게임3(모킹제이),수잔 콜린스,북폴리오,,,문학·인문,,
10646,개(내 가난한 발바닥의 기록),김훈,푸른숲,,,문학·인문,,
10647,달콤 쌉싸름한 초콜릿,라우라 에스키벨,민음사,,,문학·인문,,
10648,여덟단어,박웅현,북하우스,,,문학·인문,,
10649,조선왕조사,이성무,수막새,,,문학·인문,,
10650,공항에서 일주일을,알랭드보통,청미래,,,문학·인문,,
10651,히말라야 환상방황,정유정,은행나무,,,문학·인문,,
10652,대통령의 글쓰기,강원국,메디치미디어,,,문학·인문,,
10653,젤롯,레자 아슬란,와이즈베리,,,문학·인문,,
10654,슬럼독 밀리어네어,비카스 스와루프,문학동네,,,문학·인문,,
10655,꽃피는 고래,김형경,창비,,,문학·인문,,
10656,헬프1,캐스린 스토킷,문학동네,,,문학·인문,,
10657,헬프2,캐스린 스토킷,문학동네,,,문학·인문,,
10658,미술관 옆 인문학,박홍순,서해문집,,,문학·인문,,
10659,김약국의 딸들,박경리,마로니에북스,,,문학·인문,,
10660,나의 아름다운 정원,심윤경,한겨레출판사,,,문학·인문,,
10661,내가 사랑한 유럽 TOP10,정여울,홍익출판사,,,문학·인문,,
10662,미 비포 유,조조 모예스,살림,,,문학·인문,,
10663,나의 투쟁,히틀러,홍신문화사,,,문학·인문,,
10664,밤은 책이다,이동진,예담,,,문학·인문,,
10665,참을 수 없는 존재의 가벼움,밀란 쿤데라,민음사,,,문학·인문,,
10666,창문 넘어 도망친 100세 노인,요나스 요나손,열린책들,,,문학·인문,,
10667,셈을 할줄아는 까막눈이 여자,요나스요나손,열린책들,,,문학·인문,,
10668,영국사,앙드레모루아,김영사,,,문학·인문,,
10669,나만 알고싶은 유럽 TOP10,정여울,홍익출판사,,,문학·인문,,
10670,감정수업,강신주,민음사,,,문학·인문,,
10671,쓰잘데없이 고귀한 것들의목록,도정일,문학동네,,,문학·인문,,
10672,싸드,김진명,새움,,,문학·인문,,
10673,여자 없는 남자들,무라카미 하루키,문학동네,,,문학·인문,,
10674,잘못은 우리 별에 있어,존 그린,북폴리오,,,문학·인문,,
10675,무엇이 가치있는 삶인가:소크라테스의 마지막 질문,로버트 노직,김영사,,,문학·인문,,
10676,나는 누구인가:인문학 최고의 공부,강신주 외,21세기북스,,,문학·인문,,
10677,공허한 십자가,히가시노 게이고,자음과모음,,,문학·인문,,
10678,꾸뻬씨의 인생여행,프랑수아 를로르,열림원,,,문학·인문,,
10679,꾸뻬씨의 우정여행,프랑수아 를로르,열림원,,,문학·인문,,
10680,보다,김영하,문학동네,,,문학·인문,,
10681,상처받지 않을 권리,강신주,프로네시스,,,문학·인문,,
10682,가르시아 장군에게 보내는 편지,앨버트 허버드,새로운 제안,,,문학·인문,,
10683,미생1,윤태호,위즈덤하우스,,,문학·인문,,
10684,미생2,윤태호,위즈덤하우스,,,문학·인문,,
10685,미생3,윤태호,위즈덤하우스,,,문학·인문,,
10686,미생4,윤태호,위즈덤하우스,,,문학·인문,,
10687,미생5,윤태호,위즈덤하우스,,,문학·인문,,
10688,미생6,윤태호,위즈덤하우스,,,문학·인문,,
10689,미생7,윤태호,위즈덤하우스,,,문학·인문,,
10690,미생8,윤태호,위즈덤하우스,,,문학·인문,,
10691,미생9,윤태호,위즈덤하우스,,,문학·인문,,
10692,메이즈 러너,제임스 대시너,문학수첩,,,문학·인문,,
10693,스코치 트라이얼,제임스 대시너,문학수첩,,,문학·인문,,
10694,데스 큐어,제임스 대시너,문학수첩,,,문학·인문,,
10695,나를 찾아줘,길리언 플린,푸른숲,,,문학·인문,,
10696,노르웨이의 숲,무라카미 하루키,민음사,,,문학·인문,,
10697,십년후에 죽기로 결심한 아빠에게,윤희일,다산책방,,,문학·인문,,
10698,허삼관매혈기,위화,푸른숲,,,문학·인문,,
10699,뜻으로 본 한국역사,함석현,한길사,,,문학·인문,,
10700,지금여기깨어있기,법륜,정토출판,,,문학·인문,,
10701,정글만리1,조정래,해냄출판사,,,문학·인문,,
10702,정글만리2,조정래,해냄출판사,,,문학·인문,,
10703,정글만리3,조정래,해냄출판사,,,문학·인문,,
10704,민들레야,김연득,씽크디자인,,,문학·인문,,
10705,소리치지 않고 화내지 않고 초등학생 공부시키기,고봉익,명진출판,,,문학·인문,,
10706,잠깐 멈춤,고도원,해냄출판사,,,문학·인문,,
10707,내 인생에 용기가 되어준 한마디,정호승,비채,,,문학·인문,,
10708,크로스파이어1,실비아 데이,19,,,문학·인문,,
10709,인생수업,법륜,휴,,,문학·인문,,
10710,지적대화를 위한 넓고 얕은 지식,채사장,한빛비즈,,,문학·인문,,
10711,개를 훔치는 완벽한 방법,바바라 오코너,놀,,,문학·인문,,
10712,에이번리의 앤,루시 모드 몽고메리,인디고,,,문학·인문,,
10713,소년이 온다,한강,창비,,,문학·인문,,
10714,"교황 프란치스코, 가슴속에서 우러나온 말들",프란치스코,소담출판사,,,문학·인문,,
10715,궁극의 아이,장용민,엘릭시르,,,문학·인문,,
10716,칠레의 밤,로베르토 볼라뇨,열린책들,,,문학·인문,,
10717,어두운 상점들의 거리,파트릭 모디아노,문학동네,,,문학·인문,,
10718,제친구들하고 인사하실래요,조병준,그린비,,,문학·인문,,
10719,허즈번드 시크릿,리안 모리아티,마시멜로,,,문학·인문,,
10720,검은꽃,김영하,문학동네,,,문학·인문,,
10721,나미야 잡화점의 기적,히가시노게이고,현대문학,,,문학·인문,,
10722,지적 대화를 위한 넓고 A은 지식2편,채사장,한빛비즈,,,문학·인문,,
10723,투명인간,성석제,창비,,,문학·인문,,
10724,하우스 오브 카드,마이클 돕스,푸른숲,,,문학·인문,,
10725,글자전쟁,김진명,새움,,,문학·인문,,
10726,담론,신영복,돌베개,,,문학·인문,,
10727,시를 잊은 그대에게,정재찬,휴머니스트,,,문학·인문,,
10728,한국사를 바꿀 14가지 거짓과 진실,KBS역사추척팀,,,,문학·인문,,
10729,그렇다면 정상입니다,하지현,푸른숲,,,문학·인문,,
10730,앵무새 죽이기,하퍼 리,열린책들,,,문학·인문,,
10731,오베라는 남자,프레드릭 배크만,다산책방,,,문학·인문,,
10732,마션,앤디 위어,알에이치코리아,,,문학·인문,,
10733,읽다,김영하,문학동네,,,문학·인문,,
10734,새의 선물,은희경,문학동네,,,문학·인문,,
10735,나는 나를 파괴할 권리가 있다,김영하,문학동네,,,문학·인문,,
10736,말하자면 좋은 사람,정이현,마음산책,,,문학·인문,,
10737,심야치유식당,하지현,푸른숲,,,문학·인문,,
10738,살면서 쉬웠던 날은 단 하루도 없었다.,박광수,예담,,,문학·인문,,
10739,해질 무렵,황석영,문학동네,,,문학·인문,,
10740,태연한 인생,은희경,창비,,,문학·인문,,
10741,언제 들어도 좋은 말,이석원,그책,,,문학·인문,,
10742,시민의 교양,채사장,웨일북스,,,문학·인문,,
10743,겨울가면 봄이오듯 사랑은 또 온다,노희경,북로그컴퍼니,,,문학·인문,,
10744,라플라스의 마녀,히가시노 게이고,현대문학,,,문학·인문,,
10745,법륜스님의 행복,법륜,나무의마음,,,문학·인문,,
10746,태도에 관하여,임경선,한겨레출판사,,,문학·인문,,
10747,지금 알고 있는 걸 그때도 알았더라면,류시화,열림원,,,문학·인문,,
10748,채식주의자,한강,창비,,,문학·인문,,
10749,"세 평의 행복, 연꽃빌라",무레요코,레드박스,,,문학·인문,,
10750,할머니가 미안하다고 전해달랬어요,프레드릭 배크만,다산책방,,,문학·인문,,
10751,종의 기원,정유정,은행나무,,,문학·인문,,
10752,흰,한강,난다,,,문학·인문,,
10753,감옥으로부터의 사색,신영복,돌베개,,,문학·인문,,
10754,이노베이터,윌터 아이작슨,오픈하우스,,,문학·인문,,
10755,중국식 룰렛,은희경,창비,,,문학·인문,,
10756,핑거스미스,세라워터스,열린책들,,,문학·인문,,
10757,풀꽃도 꽃이다 1,조정래,해냄출판사,,,문학·인문,,
10758,풀꽃도 꽃이다 2,조정래,해냄출판사,,,문학·인문,,
10759,설민석의무도한국사특강,설민석,휴먼큐브,,,문학·인문,,
10760,아무래도 싫은 사람,다스다 미리,이봄,,,문학·인문,,
10761,위그든 씨의 사탕가게,풀 빌리어드,문예출판사,,,문학·인문,,
10762,모든 요일의 기록,김민철,북라이프,,,문학·인문,,
10763,자유론,존 스튜어트 밀,문예출판사,,,문학·인문,,
10764,설민석의 조선왕조실록,설민석,세계사,,,문학·인문,,
10765,최태성 keyword 365 한국사,최태성,메가북스,,,문학·인문,,
10766,내가 혼자 여행하는 이유,카트린 지타,걷는나무,,,문학·인문,,
10767,터널,소재원,작가와비평,,,문학·인문,,
10768,디지털포트리스1,댄브라운,문학수첩,,,문학·인문,,
10769,디지털포트리스2,댄브라운,문학수첩,,,문학·인문,,
10770,100년 후에도 읽힐 100가지 유명한 이야기,제임스M.볼드윈 외,토파즈,,,문학·인문,,
10771,사피엔스,유발하라리,김영사,,,문학·인문,,
10772,그리스로마신화가 말을 하다1,박찬영,리베르,,,문학·인문,,
10773,그리스로마신화가 말을 하다2,박찬영,리베르,,,문학·인문,,
10774,인생,위화,푸른숲,,,문학·인문,,
10775,마지막 춤은 나와 함께,은희경,문학동네,,,문학·인문,,
10776,쇼코의 미소,최은영,문학동네,,,문학·인문,,
10777,평생에 한 번은 마키아벨리를 만나라,이상민,문예춘추사,,,문학·인문,,
10778,"아이큐 40 내 동생, 조반니",자코모 마차리올,걷는나무,,,문학·인문,,
10779,한권으로 읽는 고려왕조실록,박영규,웅진지식하우스,,,문학·인문,,
10780,단박에 한국사 근대편,심용환,위즈덤하우스,,,문학·인문,,
10781,그럴 때 있으시죠?,김제동,나무의마음,,,문학·인문,,
10782,어떻게 살 것인가,유시민,생각의길,,,문학·인문,,
10783,스파이,파울로 코엘료,문학동네,,,문학·인문,,
10784,미움받을 용기,"기시미이치로,고가후미타케",인플루엔셜,,,문학·인문,,
10785,미움받을 용기2,"기시미이치로,고가후미타케",인프루엔셜,,,문학·인문,,
10786,죽여마땅한 사람들,피터 스완슨,푸른숲,,,문학·인문,,
10787,딸에게 보내는 굿나잇 키스,이어령,열림원,,,문학·인문,,
10788,데미안,헤르만 헤세,문학동네,,,문학·인문,,
10789,직간,율곡 이이,홍익출판사,,,문학·인문,,
10790,모나드의 영역,쓰쓰이 야스타카,은행나무,,,문학·인문,,
10791,고구려. 1: 도망자을불(미천왕),김진명,새움,,,문학·인문,,
10792,고구려. 2: 다가오는 전쟁(미천왕),김진명,새움,,,문학·인문,,
10793,고구려. 3: 낙랑 축출(미천왕),김진명,새움,,,문학·인문,,
10794,고구려. 4: 사유와 무(고국원왕),김진명,새움,,,문학·인문,,
10795,고구려. 5: 백성의 왕(고국원왕),김진,새움,,,문학·인문,,
10796,고구려. 6: 구부의 꿈(소수림왕),김진명,새움,,,문학·인문,,
10797,재와 빨강,편혜영,창비,,,문학·인문,,
10798,살인자의 기억법,김영하,문학동네,,,문학·인문,,
10799,공터에서,김훈,해냄출판사,,,문학·인문,,
10800,상냥한 폭력의 시대,정이현,문학과 지성사,,,문학·인문,,
10801,월요일의 문장들,조안나,지금이책,,,문학·인문,,
10802,82년생 김지영,조남주,민음사,,,문학·인문,,
10803,백의 그림자,황정은,민음사,,,문학·인문,,
10804,할머니는 죽지 않는다,공지영,해냄출판사,,,문학·인문,,
10805,완벽한 공부법,"고영성, 신영준",로크미디어,,,문학·인문,,
10806,더 클래식 하나,문학수,돌베개,,,문학·인문,,
10807,채근담,한용운,부글,,,문학·인문,,
10808,김문찬이 들려주는 희망메세지,김문찬,UUP,,,문학·인문,,
10809,인생의 절반쯤 왔을 때 틈腑?되는 것들,"리처드J.라이더, 데이비드 A",위즈덤하우스,,,문학·인문,,
10810,"여름, 어디선가 시체가",박연,놀,,,문학·인문,,
10811,오직 두 사람,김영하,문학동네,,,문학·인문,,
10812,5년 만에 신혼여행,장강명,한겨레출판사,,,문학·인문,,
10813,4만 명에서 단 한 명으로,"벤 피트릭, 스콧 브라운",콘텐츠케이브,,,문학·인문,,
10814,세계사 편력1,J.네루,일빛,,,문학·인문,,
10815,세계사 편력2,J.네루,일빛,,,문학·인문,,
10816,세계사 편력3,J.네루,일빛,,,문학·인문,,
10817,목민심서 정약용에게 듣다,정약용,롱런,,,문학·인문,,
10818,모든 관계는 말투에서 시작된다,기범준,위즈덤하우스,,,문학·인문,,
10819,인생교과서 퇴계,"김기현,이치억",21세기북스,,,문학·인문,,
10820,운다고 달라지는 일은 아무것도 없겠지만,박준,난다,,,문학·인문,,
10821,어른이 되어 더 큰 혼란이 시작되었다,이다혜,현암사,,,문학·인문,,
10822,옆 무덤의 남자,카트리나 마세티,문학동네,,,문학·인문,,
10823,우리집 테라스에 펭귄이 산다,톰 미첼,21세기북스,,,문학·인문,,
10824,서평 쓰는 법,이원석,유유,,,문학·인문,,
10825,을,박솔뫼,자음과 모음,,,문학·인문,,
10826,청춘의 독서,유시민,웅진지식하우스,,,문학·인문,,
10827,하루를 일깨우는 100일 마음공부,박치근,미래북,,,문학·인문,,
10828,다시 쓰는 술탄과 황제,김형오,21세기북스,,,문학·인문,,
10829,학교에서 가르쳐주지 않는 일본사,신상목,뿌리와이파리,,,문학·인문,,
10830,"다시, 사랑",정현주,스윙밴드,,,문학·인문,,
10831,삼한지1,김정산,중앙M&B,,,문학·인문,,
10832,삼한지2,김정산,중앙M&B,,,문학·인문,,
10833,삼한지3,김정산,중앙M&B,,,문학·인문,,
10834,삼한지4,김정산,중앙M&B,,,문학·인문,,
10835,삼한지5,김정산,중앙M&B,,,문학·인문,,
10836,삼한지6,김정산,중앙M&B,,,문학·인문,,
10837,삼한지7,김정산,중앙M&B,,,문학·인문,,
10838,삼한지8,김정산,중앙M&B,,,문학·인문,,
10839,삼한지9,김정산,중앙M&B,,,문학·인문,,
10840,삼한지10,김정산,중앙M&B,,,문학·인문,,
10841,힘차게 흘러가고 뜨겁게 포옹하라,"김기현,이치억",네모북스,,,문학·인문,,
10842,강과 사람 태화강 백리를 걷다,김잠출,울산MBC,,,문학·인문,,
10843,산은 높고 바다는 넓다,정성수,화암출판,,,문학·인문,,
10844,행복은 혼자 오지 않는다,에카프트 폰 히르슈하우젠,은행나무,,,문학·인문,,
10845,김종경의 울산탐구,김종경,푸른고래,,,문학·인문,,
10846,야반삼경에 촛불춤을 추어라,정찬주,김영사,,,문학·인문,,
10847,어린영혼들은 쉬지 않는다,김용택,마음산책,,,문학·인문,,
10848,빈손으로 왔다 빈손으로 가는 인생,원종,문예마당,,,문학·인문,,
10849,사라진 도시 서라벌,김성용,눌와,,,문학·인문,,
10850,예언,김진명,새움,,,문학·인문,,
10851,딸에 대하여,김혜진,민음사,,,문학·인문,,
10852,힘 빼기의 기술,김하나,시공사,,,문학·인문,,
10853,기사단장 죽이기 2,무라카미 하루키,문학동네,,,문학·인문,,
10854,축복받은 집,줌파 라히리,마음산책,,,문학·인문,,
10855,남아 있는 나날,가즈오 이시구로,민음사,,,문학·인문,,
10856,말의 품격,이기주,황소북스,,,문학·인문,,
10857,바깥은 여름,김애란,문학동네,,,문학·인문,,
10858,오리진1,댄 브라운,문학수첩,,,문학·인문,,
10859,오리진2,댄 브라운,문학수첩,,,문학·인문,,
10860,대항해 시대,주경철,서울대학교출판부,,,문학·인문,,
10861,세상에서 가장 짧은 세계사,존 허스트,위즈덤 하우스,,,문학·인문,,
10862,현남 오빠에게,조남주,다산책방,,,문학·인문,,
10863,서른의 반격,손평원,은행나무,,,문학·인문,,
10864,논어정독,부남철,푸른역사,,,문학·인문,,
10865,"너, 이팝나무 같은 사람아!",조연환,인간과문학사,,,문학·인문,,
10866,무례한 사람에게 웃으며 대처하는 법,정문정,가나출판사,,,문학·인문,,
10867,모든 순간이 너였다,하태완,위즈덤하우스,,,문학·인문,,
10868,나무를 심은 사람들,장 지오노,두레,,,문학·인문,,
10869,힐빌리의 노래,J.D.밴스,흐름출판,,,문학·인문,,
10870,피프티 피플,정세랑,창비,,,문학·인문,,
10871,쓸 만한 인간,박정민,상상출판,,,문학·인문,,
10872,베어타운,프레드릭 배크만,다산책방,,,문학·인문,,
10873,파리의 아파트,기욤뮈소,밝은세상,,,문학·인문,,
10874,회색 인간,김동식,요다,,,문학·인문,,
10875,역사의 역사,유시민,돌베개,,,문학·인문,,
10876,내가 정말 알아야 할 모든 것은 유치원에서 배웠다,로버트 풀검,알에이치코리아,,,문학·인문,,
10877,죽고싶지만 떡볶이는 먹고 싶어,백세희,흔,,,문학·인문,,
10878,열두 발자국,정재승,어크로스,,,문학·인문,,
10879,우리는 언젠가 만난다,채사장,웨일북,,,문학·인문,,
10880,우리에겐 언어가 필요하다,이민경,봄알람,,,문학·인문,,
10881,산체스네 아이들,오스카 루이스,이매진,,,문학·인문,,
10882,브루투스의 심장,히가시노 게이고,랜덤하우스코리아,,,문학·인문,,
10883,소설 보다: 봄-여름(2018),김봉곤 외3,문학과지성사,,,문학·인문,,
10884,깨달음 이후 빨랫감,잭 콘필드,한문화,,,문학·인문,,
10885,중세의 가을,요한 하위징아,연암서가,,,문학·인문,,
10886,언어의 온도,이기주,말글터,,,문학·인문,,
10887,호모데우스,유발하라리,김영사,,,문학·인문,,
10888,동급생,프레드 울만,열린책들,,,문학·인문,,
10889,거울 앞에서 너무 많은 시간을 보냈다,러네이 엥겔른,웅진지식하우스,,,문학·인문,,
10890,당신의 별이 사라지던 밤,서미애,엘릭시르,,,문학·인문,,
10891,골든아워 1,이국종,흐름출판,,,문학·인문,,
10892,골든아워 2,이국종,흐름출판,,,문학·인문,,
10893,세계역사 숨겨진 비밀을 밝히다,"장장년, 장영진",눈과마음,,,문학·인문,,
10894,봄엔 바람 가을엔 비,고봉진,재남,,,문학·인문,,
10895,낭만적 연애와 그 후의 일상,알랭 드 보통,은행나무,,,문학·인문,,
10896,"여행의 위대한 순간, 그래도 살아있으라",도용복,멘토프레스,,,문학·인문,,
10897,365일 간의 사색,정성수,울산광역매일,,,문학·인문,,
10898,작별,한강,은행나무,,,문학·인문,,
10899,한때 소중했던 것들,이기주,달,,,문학·인문,,
10900,아가씨와 밤,기욤 뮈소,밝은세상,,,문학·인문,,
10901,내 어머니 이야기 1부,김은성,새만화책,,,문학·인문,,
10902,내 어머니 이야기 2부,김은성,새만화책,,,문학·인문,,
10903,내 어머니 이야기 3부,김은성,새만화책,,,문학·인문,,
10904,내 어머니 이야기 4부,김은성,새만화책,,,문학·인문,,
10905,밤 하늘 아래,마스다 미리,애니북스,,,문학·인문,,
10906,달과 6펜스,서머싯 몸,민음사,,,문학·인문,,
10907,디디의 우산,황정은,창비,,,문학·인문,,
10908,"걷는 사람, 하정우",하정우,문학동네,,,문학·인문,,
10909,숲,할런 코벤,비채,,,문학·인문,,
10910,아흔일곱 번의 봄 여름 가을 겨울,이옥남,양철북,,,문학·인문,,
10911,소중한 것은 모두 키친에서 배웠어,히야마 다미,위즈덤하우스,,,문학·인문,,
10912,아침에는 죽음을 생각하는 것이 좋다,김영민,어크로스,,,문학·인문,,
10913,울산민족문학,강현숙 외,울산민족문학회,,,문학·인문,,
10914,동아일보 사설칼럼으로 배우는 글쓰기 전략,정규희 외,동아일보사,,,문학·인문,,
10915,조선을 떠나며,이연식,역사비평사,,,문학·인문,,
10916,철학은 어떻게 삶의 무기가 되는가,야마구치 슈,다산초당,,,문학·인문,,
10917,고요할수록 밝아지는 것들,혜민 스님,수오서재,,,문학·인문,,
10918,우리 이제 낭만을 이야기합시다,김도훈,웨일북,,,문학·인문,,
10919,대학원생 때 알았더라면 좋았을 것들,엄태웅 외2,클라우드나인,,,문학·인문,,
10920,멀리보고 달리면 길을 잃지 않는다,심규화,대성문화인쇄사,,,문학·인문,,
10921,완벽한 날들,크리스천 돈런,포레스트북스,,,문학·인문,,
10922,야단법석,법륜,정토출판,,,문학·인문,,
10923,야단법석 2,법륜,정토출판,,,문학·인문,,
10924,나는 매주 시체를 보러 간다,유성호,21세기북스,,,문학·인문,,
10925,축구를 하며 생각한 것들,손흥민,브레인스토어,,,문학·인문,,
10926,설민석의 삼국지 1,설민석,세계사,,,문학·인문,,
10927,설민석의 삼국지 2,설민석,세계사,,,문학·인문,,
10928,차이나는 클라스: 국가 법 리더 역사 편,JTBC 차이나는 클라스 제작팀,중앙북스,,,문학·인문,,
10929,지구에서 한아뿐,정세랑,난다,,,문학·인문,,
10930,타인의 시선을 의식해 힘든 나에게,글배우,21세기북스,,,문학·인문,,
10931,지쳤거나 좋아하는 게 없거나,글배우,강한별,,,문학·인문,,
10932,꽃을 보듯 너를 본다,나태주,지혜,,,문학·인문,,
10933,홀로 성장하는 시대는 끝났다,이소영,더메이커,,,문학·인문,,
10934,황현산의 사소한 부탁,황현산,난다,,,문학·인문,,
10935,일의 기쁨과 슬픔,장류진,창비,,,문학·인문,,
10936,여자로 살아가는 우리들에게,요조,문학동네,,,문학·인문,,
10937,익명의 소녀,그리어 헨드릭스 외1,인프루엔셜,,,문학·인문,,
10938,도시는 무엇으로 사는가,유현준,을유문화사,,,문학·인문,,
10939,"1일 1페이지, 세상에서 가장 짧은 교양수업",데이비드 S. 키더,위즈덤하우스,,,문학·인문,,
10940,내게 무해한 사람,최은영,문학동네,,,문학·인문,,
10941,아내를 모자로 착각한 남자,올리버 색스,알마,,,문학·인문,,
10942,인생의 베일,윌리엄 서머셋,민음사,,,문학·인문,,
10943,길 위에서 길 너머를 생각하다,최연충,이지출판,,,문학·인문,,
10944,발가벗은 힘,이재형,아비요,,,문학·인문,,
10945,21세기를 위한 21가지 제언,유발 하라리,김영사,,,문학·인문,,
10946,타인의 해석,말콤글래르웰,김영사,,,문학·인문,,
10947,페스트,알베르 카뮈,민음사,,,문학·인문,,
10948,불교미술,디트리히 젝켈,열화당 미술선서,,,문학·인문,,
10949,한국의 불교미술,홍윤식,대원정사,,,문학·인문,,
10950,딸에게 주는 레시피,공지영,한겨레출판사,,,문학·인문,,
10951,네버무어: 모리건 크로우와 원드러스 평가전 1,제시카 타운센드,디오네,,,문학·인문,,
10952,네버무어: 모리건 크로우와 원드러스 평가전 2,제시카 타운센드,디오네,,,문학·인문,,
10953,연애의 기억,줄리언 반스,다산책방,,,문학·인문,,
10954,다른사람,강화길,한겨레출판사,,,문학·인문,,
10955,돌이킬 수 없는 약속,야쿠마루 가쿠,북플라자,,,문학·인문,,
10956,경애의 마음,김금희,창비,,,문학·인문,,
10957,보건교사 안은영,정세랑,민음사,,,문학·인문,,
10958,멜랑콜리 해피엔딩,강화길 외4,작가정신,,,문학·인문,,
10959,"진이, 지니",정유정,은행나무,,,문학·인문,,
10960,여행의 이유,김영하,문학동네,,,문학·인문,,
10961,대도시의 사랑법,박상영,창비,,,문학·인문,,
10962,내마음의 옥탑방,박상우,문학사상사,,,문학·인문,,
10963,"얼굴, 한국인의 낯",조용진,사계절,,,문학·인문,,
10964,입 속의 검은 잎,기형도,문학과지성사,,,문학·인문,,
10965,책 대 담배,조지 오웰,민음사,,,문학·인문,,
10966,"러시아, 도시로 읽다",강덕수,HUINE,,,문학·인문,,
10967,라틴어 수업,한동일,흐름출판,,,문학·인문,,
10968,네루다의 우편배달부,안토니오 스카르메타,민음사,,,문학·인문,,
10969,안 느끼한 산문집,강이슬,웨일북,,,문학·인문,,
10970,보통의 언어들,김이나,위즈덤하우스,,,문학·인문,,
10971,네메시스,필립 로스,문학동네,,,문학·인문,,
10972,그 사랑 놓치지 마라,이해인,마음산책,,,문학·인문,,
10973,여름의 빌라,백수린,문학동네,,,문학·인문,,
10974,목소리를 드릴게요,정세랑,아작,,,문학·인문,,
10975,물 만난 물고기,이찬혁,수카,,,문학·인문,,
10976,오늘도 약을 먹었습니다,박한슬,북트리거,,,문학·인문,,
10977,우리가 빛의 속도로 갈 수 없다면,김초엽,허블,,,문학·인문,,
10978,헤르만 헤세 시집,헤르만 헤세,문예출판사,,,문학·인문,,
10979,죽은 자의 집 청소,김 완,김영사,,,문학·인문,,
10980,어쩌면 괜찮은 나이,헤르만 헤세,프리케의 숲,,,문학·인문,,
10981,랭보시선,아르튀르 랭보,지식을 만드는 지식,,,문학·인문,,
10982,마음이 아름다우니 세상이 아름다워라,이채,행보에너지,,,문학·인문,,
10983,"나, 있는 그대로 참 좋다",조유미,허밍버드,,,문학·인문,,
10984,애쓰고 있다는 걸 알아,김유은,좋은 북스,,,문학·인문,,
10985,"시선으로부터,",정세랑,문학동네,,,문학·인문,,
10986,악의 꽃,샤를 피에르 보들레르,문예출판사,,,문학·인문,,
10987,청소부 매뉴얼,루시아 벌린,웅진지식하우스,,,문학·인문,,
10988,포스트 코로나 사회,김수련,글항아리,,,문학·인문,,
10989,언어의 줄다리기,신지영,21세기북스,,,문학·인문,,
10990,상관없는 거 아닌가?,장기하,문학동네,,,문학·인문,,
10991,어쩌다보니 가방끈이 길어졌습니다만,전선영,꿈의지도,,,문학·인문,,
10992,나는 왜 너가 아니고 나인가,시애틀 추장 외,더숲,,,문학·인문,,
10993,불안의 책,페르난도 페소아,문학동네,,,문학·인문,,
10994,만남은 지겹고 이별은 지쳤다,색과 체,떠오름,,,문학·인문,,
10995,이유가 많으니 그냥이라고 할 수밖에,을냥이,스튜디오오드리,,,문학·인문,,
10996,마음챙김의 시,류시화,수요서재,,,문학·인문,,
10997,일인칭 단수,무라카미 하루키,문학동네,,,문학·인문,,
10998,가슴 뛰는 소설,"최진영, 박상영 외7",장비교육,,,문학·인문,,
10999,다정한 매일매일,백수린,작가정신,,,문학·인문,,
11000,명랑한 은둔자,캐럴라인 냅,바다출판사,,,문학·인문,,
11001,조화로운 삶,"헬렌 니어링, 스콧 니어링",보리,,,문학·인문,,
11002,"어딘가 상상도 못 할 곳에, 수많은 순록 떼가",켄 리우,황금가지,,,문학·인문,,
11003,"실례지만, 이 책이 시급합니다",이수은,민음사,,,문학·인문,,
11004,연년세세,황정은,창비,,,문학·인문,,
11005,쉬운 천국,유지혜,어떤책,,,문학·인문,,
11006,화이트호스,강화길,문학동네,,,문학·인문,,
11007,식물 문답,조현진,눌와,,,문학·인문,,
11008,파친코 1,이민진,문학사상,,,문학·인문,,
11009,파친코 2,이민진,문학사상,,,문학·인문,,
11010,내가 확실히 아는 것들,오프라 윈프리,북하우스,,,문학·인문,,
11011,그 환자,재스퍼 드윗,시월이일,,,문학·인문,,
11012,디 에센셜: 버지니아 울프,버지니아 울프,민음사,,,문학·인문,,
11013,최진기의 전쟁사 1,최진기,이지퍼블리싱,,,문학·인문,,
11014,최진기의 전쟁사 2,최진기,이지퍼블리싱,,,문학·인문,,
11015,곰브리치 세계사(예일대 특별판),에른스트 곰브리치,비룡소,,,문학·인문,,
11016,내가 잘 하고 있는 건지 잘 모르겠습니다,강주원,비로소,,,문학·인문,,
11017,모래안만 한 진실이라도(양장본),박완서,세계사,,,문학·인문,,
11018,메트로폴리스,벤 윌슨,매일경제신문사,,,문학·인문,,
11019,스토아 수업,라이언 홀리데이 외1,다산초당,,,문학·인문,,
11020,백귀야행,송경아,사계절출판사,,,문학·인문,,
11021,천문학자는 별을 보지 않는다,심채경,문학동네,,,문학·인문,,
11022,요리코를 위해,노리즈키 린타로,모모,,,문학·인문,,
11023,슬픔이여 안녕,프랑수아즈 사강,아르테,,,문학·인문,,
11024,완전한 행복,정유정,은행나무,,,문학·인문,,
11025,고양이 1,베르나르 베르베르,열린책들,,,문학·인문,,
11026,고양이 2,베르나르 베르베르,열린책들,,,문학·인문,,
11027,문명 1,베르나르 베르베르,열린책들,,,문학·인문,,
11028,문명 2,베르나르 베르베르,열린책들,,,문학·인문,,
11029,미드나잇 라이브러리,매트 헤이그,인플루엔셜,,,문학·인문,,
11030,12가지 인생의 법칙,조던 피터슨,메이븐출판사,,,문학·인문,,
11031,작별하지 않는다,한강,문학동네,,,문학·인문,,
11032,눈떠보니 서른,강혁진,토네이도,,,문학·인문,,
11033,나도 아직 나를 모른다,허지원,홍익출판사,,,문학·인문,,
11034,햇빛은 찬란하고 인생은 귀하니까요: 밀라논나 이야기,장명숙,김영사,,,문학·인문,,
11035,여름밤 열 시 반,마르그리트 뒤라스,문학과지성사,,,문학·인문,,
11036,밝은 밤,최은영,문학동네,,,문학·인문,,
11037,나에게 시간을 주기로 했다,오리연인,수오서재,,,문학·인문,,
11038,사랑한다고 말할 용기,황선우,책읽는 수요일,,,문학·인문,,
11039,정도전,이재운,책이 있는 마을,,,문학·인문,,
11040,일하지 않고 배불리 먹고 싶다,구리하라 야스시,서유재,,,문학·인문,,
11041,치즈: 치즈 맛이 나니까 치즈 맛이 난다고 했을 뿐인데,김민철,쎄미콜론,,,문학·인문,,
11042,목련정전,최은미,문학과지성사,,,문학·인문,,
11043,죽어야 끝나는 야구 환장 라이프,쌍딸,팩토리나인,,,문학·인문,,
11044,밤을 걷는 밤,유희열,위즈덤하우스,,,문학·인문,,
11045,소크라테스 익스프레스,에릭 와이너,어크로스,,,문학·인문,,
11046,어떤 죽음이 삶에게 말했다,김범석,흐름출판,,,문학·인문,,
11047,소설가의 귓속말,이승우,은행나무,,,문학·인문,,
11048,나는 소망한다 내게 금지된 것을,양귀자,쓰다,,,문학·인문,,
11049,불편한 편의점,김호연,나무옆의자,,,문학·인문,,
11050,불편한 편의점2,김호연,나무옆의자,,,문학·인문,,
11051,허상의 어릿광대,히가시노 게이고,재인,,,문학·인문,,
11052,서울 자가에 대기업 다니는 김부장 이야기 1(김부장 편),송희구,서삼독,,,문학·인문,,
11053,"서울 자가에 대기업 다니는 김부장 이야기 2(정대리, 권사원 편)",송희구,서삼독,,,문학·인문,,
11054,서울 자가에 대기업 다니는 김부장 이야기 3(송과장 편),송희구,서삼독,,,문학·인문,,
11055,데일리 필로소피,라이언 홀리데이 외1,다산초당,,,문학·인문,,
11056,직업으로서의 소설가,무라카미 하루키,현대문학,,,문학·인문,,
11057,장미의 이름은 장미,은희경,문학동네,,,문학·인문,,
11058,요즘 사는 맛,김겨울 외,위즈덤하우스,,,문학·인문,,
11059,물고기는 존재하지 않는다,룰루 밀러,곰출판,,,문학·인문,,
11060,까페에서 공부하는 할머니,심혜경,더퀘스트,,,문학·인문,,
11061,내가 만난 소년에 대하여,천종호,우리학교,,,문학·인문,,
11062,월든 ? 시민 불복종,헨리 데이비드 소로,허버트,,,문학·인문,,
11063,희망,양귀자,쓰다,,,문학·인문,,
11064,깨진 유리창 법칙,마이클 레빈,흐름출판,,,문학·인문,,
11065,"사마천, 인간의 길을 묻다",김영수,왕의서재,,,문학·인문,,
11066,작별인사,김영하,복복서가,,,문학·인문,,
11067,"아무튼, 노래(아무픈 시리즈49)",이슬아,위고,,,문학·인문,,
11068,저만치 혼자서,김훈,문학동네,,,문학·인문,,
11069,어린이라는 세계,김소영,사계절,,,문학·인문,,
11070,노랜드,천선란,한겨레 출판사,,,문학·인문,,
11071,금요일엔 시골집으로 퇴근합니다,김미리,휴머니스트,,,문학·인문,,
11072,"오늘 밤, 세계에서 이 눈물이 사라진다 해도1",이치조 미사키,모모,,,문학·인문,,
11073,"오늘 밤, 세계에서 이 사랑이 사라진다 해도2",이치조 미사키,모모,,,문학·인문,,
11074,하얼빈,김훈,문한동네,,,문학·인문,,
11075,돈이 아닌 것들을 버는 가게,남형석,난다,,,문학·인문,,
11076,테라피스트,B.A. 패리스,모모,,,문학·인문,,
11077,H마트에서 울다,미셸 자우너,문학동네,,,문학·인문,,
11078,걷는 사이,에바 린드스트륌,위고출판사,,,문학·인문,,
11079,오은영의 화해,오은영,코리아닷컴,,,문학·인문,,
11080,아버지의 해방일지,정지아,창비,,,문학·인문,,
11081,데미안,헤르만 헤세,민음사,,,문학·인문,,
11082,인생의 역사,신형철,난다,,,문학·인문,,
11083,손끝으로 원을 그려봐 네가 그릴 수 있는 한 크게 그걸 뺀 만큼 널 사랑해,원태연,자음과모음,,,문학·인문,,
11084,넌 가끔가다 내 생각을 하지 난 가끔가다 딴 생각을 해,원태연,자음과모음,,,문학·인문,,
11085,스스로 행복하라(10만 부 기념 에디션),법정,샘터사,,,문학·인문,,
11086,마음세탁소,황웅근,정신세계사,,,문학·인문,,
11087,나는 나무처럼 살고 싶다(10만 부 기념 스페셜 에디션),우종영,메이븐,,,문학·인문,,
11088,햇빛 마중,문진영,마음산책,,,문학·인문,,
11089,우리의 아픔엔 서사가 있다,아서 클라인먼,사이,,,문학·인문,,
11090,만일 내가 인생을 다시 산다면,김혜남,메이븐,,,문학·인문,,
11091,디어 라이프,앨리스 먼로,문학동네,,,문학·인문,,
11092,불안의 책,페르난두 페소아,문학동네,,,문학·인문,,
11093,사랑의 기술,에리히 프롬,문예출판사,,,문학·인문,,
11094,크리스마스 타일,김금희,창비,,,문학·인문,,
11095,이어령의 마지막 수업,김지수 외,열림원,,,문학·인문,,
11096,삼국지 조조전1,"왕샤오레이 (하진이, 홍민경)",다연,,,문학·인문,,
11097,삼국지 조조전2,"왕샤오레이 (하진이, 홍민경)",다연,,,문학·인문,,
11098,삼국지 조조전3,"왕샤오레이 (하진이, 홍민경)",다연,,,문학·인문,,
11099,삼국지 조조전4,"왕샤오레이 (하진이, 홍민경)",다연,,,문학·인문,,
11100,이토록 평범한 미래,김연수,문학동네,,,문학·인문,,
11101,원청,위화,푸른숲,,,문학·인문,,
11102,외사랑,히가시노 게이고,소미미디어,,,문학·인문,,
11103,너의 안부,성현주,몽스북,,,문학·인문,,
11104,내 안의 어린아이에게 세트,김이나,삼호ETM,,,문학·인문,,
11105,삼각김밥 : 힘들땐 참치 마요 (행복은 원 플러스 원),봉달호,세미콜론,,,문학·인문,,
11106,무뎌진 감정이 말을 걸어올 때,김소영,책발전소X테라코타,,,문학·인문,,
11107,10시간 만에 배우는 세계사,미야자키 마사카츠,탐나는책,,,문학·인문,,
11108,참을 수 없는 존재의 가벼움,밀란 쿤데라,민음사,,,문학·인문,,
11109,나는 고양이로소이다,나쓰메 소세키,현암사,,,문학·인문,,
11110,부지런한 사랑,이슬아,문학동네,,,문학·인문,,
11111,하노버에서 온 음악편지,손열음,중앙북스,,,문학·인문,,
11112,삶의 어느순간 걷기로 결심했다,황상호 외2,이상북스,,,문학·인문,,
11113,안티프래질,남심 니콜라스 탈레브,와이즈베리,,,문학·인문,,
11114,행복의 건축,알랭 드 보통,청미래,,,문학·인문,,
11115,1일 1강 도덕경 강독 (노자가 전하는 나답게 사는 길),박재희,김영사,,,문학·인문,,
11116,읽었다는 착각,조병영 외 6인,EBS BOOKS,,,문학·인문,,
11117,우리가 운명이라 불렀던 것들,슈테판 클라인,포레스트북스,,,문학·인문,,
11118,못 가본 길이 더 아름답다 (박완서 산문집),박완서,현대문학,,,문학·인문,,
11119,두부,박완서,창비,,,문학·인문,,
11120,가녀장의 시대,이슬아,이야기장수,,,문학·인문,,
11121,희망의 끈,히가시노 게이고,재인,,,문학·인문,,
11122,아주 세속적인 지혜,발타자르그라시안,페이지2북스,,,문학·인문,,
11123,자기 앞의 생,에밀 아자르,문학동네,,,문학·인문,,
11124,풍수전쟁,김진명,이타북스,,,문학·인문,,
11125,각각의 계절,권여선,문학동네,,,문학·인문,,
11126,나 자신으로 살아가기,임경선,마음산책,,,문학·인문,,
11127,제주도우다 1,현기영,창비,,,문학·인문,,
11128,제주도우다 2,현기영,창비,,,문학·인문,,
11129,제주도우다 3,현기영,창비,,,문학·인문,,
11130,좋은 일이 오려고 그러나 보다,박여름,히읏,,,문학·인문,,
11131,모든 삶은 흐른다,로랑스 드빌레르,피카,,,문학·인문,,
11132,메리골드 마음 세탁소,윤정은,북로망스,,,문학·인문,,
11133,모순,양귀자,쓰다,,,문학·인문,,
11134,남아있는 나날,가즈오 이시구로,민음사,,,문학·인문,,
11135,나의 아름다운 날들,정지아,은행나무,,,문학·인문,,
11136,처음만나는 이별,정지아,스푼북,,,문학·인문,,
11137,내가 한 말을 내가 오해하지 않기로 함,문상훈,위너스북,,,문학·인문,,
11138,눈에 갇힌 외딴 산장에서,히가시노 게이고,재인,,,문학·인문,,
11139,잘못된 장소 잘못된 시간,질리언 매캘리스터,시옷북스,,,문학·인문,,
11140,맡겨진 소녀,클레어 키건,다산책방,,,문학·인문,,
11141,공원주의자(도시에서 초록빛 이야기를 만듭니다),온수진,한숲,,,문학·인문,,
11142,딸이 조용히 무너져 있었다,김현아,창비,,,문학·인문,,
11143,매우 예민한 사람들을 위한 상담소,전홍진,한겨레 출판사,,,문학·인문,,
11144,파쇄,구병모,위즈덤하우스,,,문학·인문,,
11145,보편의 단어,이기주,말글터,,,문학·인문,,
11146,냉정과 열정사이 rosso,에쿠니 가오리,소담출판사,,,문학·인문,,
11147,냉정과 열정사이 blu,츠지 히토나리,소담출판사,,,문학·인문,,
11148,찌그러져도 동그라미입니다,김창완,웅진지식하우스,,,문학·인문,,
11149,소중한보물들,이해인,김영사,,,문학·인문,,
11150,은랑전,장성주,황금가지,,,문학·인문,,
11151,끌리는 이들에겐 이유가 있다,예미,박기수,,,문학·인문,,
11152,녹나무의 여신,히가시노 게이고,소미미디어,,,문학·인문,,
11153,퀴즈쇼,김영하,복복서가,,,문학·인문,,
11154,너의 목소리가 들려,김영하,복복서가,,,문학·인문,,
11155,빛의 제국,김영하,복복서가,,,문학·인문,,
11156,아랑은 왜,김영하,복복서가,,,문학·인문,,
11157,당신의 곁에 우주를 가져다드립니다,이민규,문학수첩,,,문학·인문,,
11158,이중 하나는 거짓말,김애란,문학동네,,,문학·인문,,
11159,타임 셸터,게오르기 고스포디노프,문학동네,,,문학·인문,,
11160,좋은 곳에서 만나요,이유리,안온,,,문학·인문,,
11161,해가 지는 곳으로,최진영,민음사,,,문학·인문,,
11162,철학은 날씨를 바꾼다.,서동욱,김영사,,,문학·인문,,
11163,대온실 수리 보고서,김금희,창비,,,문학·인문,,
11164,귀신들의 땅,천쓰홍,민음사,,,문학·인문,,
11165,도둑맞은 자전거,우밍이,비채,,,문학·인문,,
11166,홍학의 자리,정해연,엘릭시르,,,문학·인문,,
11167,한국이란 무엇인가,김영민,어크로스,,,문학·인문,,
11168,천개의 파랑,천선란,허블,,,문학·인문,,
11169,궤도,송예슬,서해문집,,,문학·인문,,
11170,다정함이 인격이다,김선희,나무생각,,,문학·인문,,
11171,엘리베이터에낀그남자는어떻게되었나,김영하,복복서가,,,문학·인문,,
11172,광인,이혁진,민음사,,,문학·인문,,
11173,아메리칸 프로메테우스,카이 버드,사이언스북스,,,문학·인문,,
11174,혼모노,성해나,창비,,,문학·인문,,
11175,악마와 함께 춤을,"Thomason, Krista K.",흐름출판,,,문학·인문,,
11176,생에 감사해,김혜자,수오서재,,,문학·인문,,
11177,아이가 없는 집,알렉스 안도릴,필름,,,문학·인문,,
11178,나는 메트로폴리탄 미술관의 경비원입니다,패트릭 브링리,웅진지식하우스,,,문학·인문,,
11179,안녕이라 그랬어,김애란,문학동네,,,문학·인문,,
11180,제자리에 있다는 것,클레르 마랭,에디투스,,,문학·인문,,
11181,아름다운 여름,체사레 파베세,녹색광선,,,문학·인문,,
11182,어른의 행복은 조용하다,태수,페이지2북스,,,문학·인문,,
11183,그해 봄의 불확실성,시그리드 누네즈,열린책들,,,문학·인문,,
11184,편안함의 습격,마이클 이스터,수오서재,,,문학·인문,,
11185,"몰라 몰라, 그냥 살아",선우용여,21세기북스,,,문학·인문,,
11186,괴테는 모든 것을 말했다,스즈키 유이,리프,,,문학·인문,,
11187,백 년의 지혜,김형석,21세기북스,,,문학·인문,,강은주부장 대여(3/30)
11188,인생을 위한 최소한의 생각,"신영준, 고영성",상상스퀘어,,,문학·인문,,
11189,각성,김요한,떠오름,,,문학·인문,,
11190,공감에 관하여,이금희,다산책방,,,문학·인문,,
11191,너를 아끼며 살아라,나태주,더블북,,,문학·인문,,
11192,십자군 이야기2,시오노 나나미,문학동네,,,문학·인문,,
11193,십자군 이야기3,시오노 나나미,문학동네,,,문학·인문,,
11194,연을 쫓는 아이,할레드 호세이니,현대문학,,,문학·인문,,이종규팀장 대여(3/13)
11195,철학콘서트,황광우,웅진지식하우스,,,문학·인문,,
11196,잡담의 인문학,토머스W 외,마리서사,,,문학·인문,,
11197,불안,알랭 드 보통,은행나무,,,문학·인문,,
11198,파과,구병모,위즈덤하우스,,,문학·인문,,
11199,예루살렘의 아이히만,한나 아렌트,한길사,,,문학·인문,,
11200,빨치산의 딸 1,정지아,필맥,,,문학·인문,,
11201,빨치산의 딸 2,정지아,필맥,,,문학·인문,,
20001,미국의 민주주의 1,알렉시스드토크빌,한길사,,,사회·경제·예술·기타,,
20002,미국의 민주주의 2,알렉시스드토크빌,한길사,,,사회·경제·예술·기타,,
20003,물질문명과자본주의 일상생활의구조 1-1,페르낭브로델,까치글방,,,사회·경제·예술·기타,,
20004,물질문명과자본주의 일상생활의구조 1-2,페르낭브로델,까치글방,,,사회·경제·예술·기타,,
20005,물질문명과자본주의 교환의세계 2-1,페르낭브로델,까치글방,,,사회·경제·예술·기타,,
20006,물질문명과자본주의 교환의세계 2-2,페르낭브로델,까치글방,,,사회·경제·예술·기타,,
20007,물질문명과자본주의 세계의시간 3-1,페르낭브로델,까치글방,,,사회·경제·예술·기타,,
20008,물질문명과자본주의 세계의시간 3-2,페르낭브로델,까치글방,,,사회·경제·예술·기타,,
20009,문학과 예술의 사회사 1,아르놀트하우저,참작과비평사,,,사회·경제·예술·기타,,
20010,문학과 예술의 사회사 2,아르놀트하우저,참작과비평사,,,사회·경제·예술·기타,,
20011,문학과 예술의 사회사 3,아르놀트하우저,참작과비평사,,,사회·경제·예술·기타,,
20012,문학과 예술의 사회사 4,아르놀트하우저,참작과비평사,,,사회·경제·예술·기타,,
20013,역사 (상),헤로도토스,범우사,,,사회·경제·예술·기타,,
20014,역사 (하),헤로도토스,범우사,,,사회·경제·예술·기타,,
20015,국부론 (상),에뎀스미스,흥신문화사,,,사회·경제·예술·기타,,
20016,국부론 (하),에뎀스미스,흥신문화사,,,사회·경제·예술·기타,,
20017,감시와 처벌,,,,,사회·경제·예술·기타,,
20018,엔트로피,제레미리프킨,세종연구원,,,사회·경제·예술·기타,,
20019,미디어의 이해,마샬맥루한,커뮤니케이션북스,,,사회·경제·예술·기타,,
20020,객관성의 칼날,찰스길리스피,새물결,,,사회·경제·예술·기타,,
20021,페더랄리스트 페이퍼,알렉산더헤밀턴외2명,한울아카데미,,,사회·경제·예술·기타,,
20022,식스시그마성공의 조건,리처드쿤스.석스미스.제리블레이크슬리,한국경제신문,,,사회·경제·예술·기타,,
20023,10년후 한국,공병호,해냄,,,사회·경제·예술·기타,,
20024,소니자서전,소니홍보센터,상상북스,,,사회·경제·예술·기타,,
20025,"울산,울산사람,울산문화",김종경,고요아침,,,사회·경제·예술·기타,,QR분실
20026,빌게이츠@생각의속도,빌게이츠,청림풀판사,,,사회·경제·예술·기타,,QR분실
20027,나의꿈 나의청춘,조일훈,울림사,,,사회·경제·예술·기타,,
20028,"CEO, 고전에서 답을찾다",유필화,흐름출판,,,사회·경제·예술·기타,,
20029,이재성박사의MBC라디오동의보감,이재성,열번째행성,,,사회·경제·예술·기타,,
20030,법의정신,몽테스키외,홍신문화사,,,사회·경제·예술·기타,,
20031,부분과 전체,하이젠베르크,김용준,,,사회·경제·예술·기타,,
20032,자본의시대,에릭홉스봄,한길사,,,사회·경제·예술·기타,,
20033,제국의시대,에릭 홉스봄,한길사,,,사회·경제·예술·기타,,
20034,슬픈열대,C레비-스트로스,한길사,,,사회·경제·예술·기타,,
20035,혁명의시대,에릭홉스봄,한길사,,,사회·경제·예술·기타,,
20036,자본론,칼 마르크스,풀빛,,,사회·경제·예술·기타,,
20037,과학혁명의 구조,토마스에스쿤,까치글방,,,사회·경제·예술·기타,,
20038,종의기원,다원,홍신문화사,,,사회·경제·예술·기타,,
20039,이기적 유전자,피처드도킨스,을유문화사,,,사회·경제·예술·기타,,
20040,펠로폰네소스전쟁사,도널드케이건,까치글방,,,사회·경제·예술·기타,,
20041,우리나라 좋은나라,이원복,글수레,,,사회·경제·예술·기타,,
20042,군주론,니콜로마키아벨리,서해문집,,,사회·경제·예술·기타,,
20043,프로테스탄티즘의 윤리와자본주의정신,막스베버,문예출판사,,,사회·경제·예술·기타,,
20044,리바이어던,김용한,살림,,,사회·경제·예술·기타,,
20045,쉽게찾는칼로리북,한영실,해남사,,,사회·경제·예술·기타,,
20046,극단의 시대 (상),에릭홉스봄,까치글방,,,사회·경제·예술·기타,,
20047,극단의 시대 (하),에릭홉스봄,까치글방,,,사회·경제·예술·기타,,
20048,대한민국개발자 희망보고서,X,,,,사회·경제·예술·기타,,
20049,코드한줄없는 IT 이야기,김국현,성안당,,,사회·경제·예술·기타,,
20050,비전으로 가슴을 뛰게하라,켄블렌차드외,21세기북스,,,사회·경제·예술·기타,,
20051,불멸의 지도자 등소평,등용,김영사,,,사회·경제·예술·기타,,
20052,1일30분,후루이치 유키오,이레미디어,,,사회·경제·예술·기타,,
20053,물,클라우스 오버바일,한스미디어,,,사회·경제·예술·기타,,
20054,나의문화유산답사기1,유홍준,창작과비평,,,사회·경제·예술·기타,,
20055,나의문화유산답사기2,유홍준,창작과비평,,,사회·경제·예술·기타,,
20056,나의문화유산답사기3,유홍준,창작과비평,,,사회·경제·예술·기타,,
20057,나의북한문화유산답사기(상),유홍준,창작과비평,,,사회·경제·예술·기타,,
20058,나의북한문화유산답사기(하),유홍준,창작과비평,,,사회·경제·예술·기타,,
20059,그아이들은어떻게최고의인재가되었을까,링즈쥔,한스미디어,,,사회·경제·예술·기타,,
20060,작가정신이빛나는건축을만나다,김정후,서울포럼,,,사회·경제·예술·기타,,
20061,"건축,음악처럼듣고미술처럼보다",서현,효형출판,,,사회·경제·예술·기타,,
20062,자기설득파워,백지연,랜덤하우스,,,사회·경제·예술·기타,,
20063,이명박흔들리지않는약속,이명박,랜덤하우스,,,사회·경제·예술·기타,,
20064,나쁜사마리아인들,장하준,부키,,,사회·경제·예술·기타,,
20065,꿈을향해거침없이도전하라,엄홍길,마음의숲,,,사회·경제·예술·기타,,
20066,회계가당신에게알려주지않는50가지비밀,신시아 사피로,서돌,,,사회·경제·예술·기타,,
20067,부여기마족과왜,존카터코벨,글을읽다,,,사회·경제·예술·기타,,
20068,중국이감추고싶은비밀,새론 홈,미래를소유한사람들,,,사회·경제·예술·기타,,
20069,백제는일본의기원인가,김현구,창비,,,사회·경제·예술·기타,,
20070,호젓한여행지,사단법인한국여행작가협의회,열번째행성,,,사회·경제·예술·기타,,
20071,영남대로,신정일,휴머니스트,,,사회·경제·예술·기타,,
20072,디지로그,이어령,생각의나무,,,사회·경제·예술·기타,,
20073,도요타 최상경영,"시바타마사하루,가네다히데라후",일송미디어,,,사회·경제·예술·기타,,
20074,창의력주식회사,제프모지&리처드,푸른숲,,,사회·경제·예술·기타,,
20075,영혼이 있는 승부,안철수,김영사,,,사회·경제·예술·기타,,
20076,죽기전에 꼭 봐야 할 명화1001,"하지은, 한성경 역",마로니에북스,,,사회·경제·예술·기타,,
20077,죽기전에 꼭 봐야 할 세계 건축1001,"박누리 정상희, 김희진 역",마로니에북스,,,사회·경제·예술·기타,,
20078,"된다, 된다, 나는 된다",니시다 후미오,흐름출판,,,사회·경제·예술·기타,,
20079,따뜻한 독종,서거원,위즈덤하우스,,,사회·경제·예술·기타,,
20080,박상진,문선희,책만드는집,,,사회·경제·예술·기타,,
20081,누가 칼레의 시민이 될 것인가?,이계안,위즈덤하우스,,,사회·경제·예술·기타,,
20082,땡큐! 스타벅스,마이클 게이츠 길,세종서적,,,사회·경제·예술·기타,,
20083,재미,한상복,위즈덤하우스,,,사회·경제·예술·기타,,
20084,사소한 발견,"장현웅, 정희엽",나무수,,,사회·경제·예술·기타,,
20085,김연아의 7분드라마,김연아,중앙출판사,,,사회·경제·예술·기타,,
20086,변화리더의 조건,피터드러커,청림출판,,,사회·경제·예술·기타,,
20087,코스닥 비밀노트,김동하,한스미디어,,,사회·경제·예술·기타,,
20088,아름다운 마무리,법정,문학의 숲,,,사회·경제·예술·기타,,
20089,안창호평전,"안병욱, 안창호 외",청포도,,,사회·경제·예술·기타,,
20090,수학의 확실성,모리스 클라인,사이언스북스,,,사회·경제·예술·기타,,
20091,(아이폰과아이패드)애플의 전략,최용석,아라크네,,,사회·경제·예술·기타,,
20092,삼성을 생각한다,김용철,사회평론,,,사회·경제·예술·기타,,
20093,착한인생 당신에게 배웁니다,박경철,리더스북,,,사회·경제·예술·기타,,
20094,먼나라 이웃나라-일본편 7,이원복,김영사,,,사회·경제·예술·기타,,
20095,먼나라 이웃나라-일본편 8,이원복,김영사,,,사회·경제·예술·기타,,
20096,법정스님의 내가사랑한 책들,법정스닙,문학의 숲,,,사회·경제·예술·기타,,
20097,기적은 당신안에 있습니다,이승복,황금나침반,,,사회·경제·예술·기타,,
20098,오리진이 되라,강신장,샘앤파커스,,,사회·경제·예술·기타,,
20099,상식파괴자,그레고리번스,비즈니스맵,,,사회·경제·예술·기타,,
20100,고조선은 대륙의 지배자였다,"이덕일, 김병기",역사의 아침,,,사회·경제·예술·기타,,
20101,새들이 떠나간 숲은 적막하다,법정,샘터,,,사회·경제·예술·기타,,
20102,가정의학 가이드,하버드의과대학,동아일보사,,,사회·경제·예술·기타,,
20103,토요타의 어둠,MyNewsjapan,창해,,,사회·경제·예술·기타,,
20104,돈 걱정없는 노후 30년,"고득성, 정성진, 최병희",다산북스,,,사회·경제·예술·기타,,
20105,"행복의 문을 여는 열쇠, 평생감사",전광,생명의 말씀사,,,사회·경제·예술·기타,,
20106,천국에서 돌아온 소년,"케틴,알렉스말라키",크리스천석세스,,,사회·경제·예술·기타,,
20107,"다시, 새롭게 지선아 사랑해",이지선,문화동네,,,사회·경제·예술·기타,,
20108,하늘의 특별검사,김인호,규장,,,사회·경제·예술·기타,,
20109,장근모 박사의 나는 위대한과학자 보다 신실한 크리스천이고 싶다,정근모,국민일보,,,사회·경제·예술·기타,,
20110,닉부이치치의 허그,닉부이치치,두란노,,,사회·경제·예술·기타,,
20111,오프라 윈프리 이야기,주디 L. 해즈데이,명진출판,,,사회·경제·예술·기타,,
20112,성경이 만든 사람,전광,생명의 말씀사,,,사회·경제·예술·기타,,
20113,그 청년 바보의사,안수현,아름다운사람들,,,사회·경제·예술·기타,,
20114,엘리트보다는 사람이 되어라,전혜성,중앙북스,,,사회·경제·예술·기타,,
20115,30년만의 휴식,이무석,비전과 리더십,,,사회·경제·예술·기타,,
20116,아프니까 청춘이다,김난도,샘앤파커스,,,사회·경제·예술·기타,,
20117,그들의 생각은 어떻게 실현됐을까,스콧벨스키,중앙북스,,,사회·경제·예술·기타,,
20118,생각버리기 연습,코이케류노스케,21세기북스,,,사회·경제·예술·기타,,
20119,세계테마기행 1. 그리스 에게해 문명,한국신문방송기자연맹,한국신문방송기자연맹,,,사회·경제·예술·기타,,
20120,세계테마기행 2. 영국 스페인 포르투갈 프랑스,한국신문방송기자연맹,한국신문방송기자연맹,,,사회·경제·예술·기타,,
20121,태화강 물길따라 울산을 흐르다,사단법인 태화강보전회,사단법인 태화강보전회,,,사회·경제·예술·기타,,
20122,아파트를 버리고 상가에 투자하라,이승주,예문,,,사회·경제·예술·기타,,
20123,불황에도 성공하는 부동산 투자전략,장인석,책이있는풍경,,,사회·경제·예술·기타,,
20124,박경환의 상가특강,박경환,예문,,,사회·경제·예술·기타,,
20125,리딩으로 리드하라,이지성,문학동네,,,사회·경제·예술·기타,,
20126,미치도록 인생을 바꾸고 싶은 청춘에게 딴짓을 권한다,임승수,위즈덤하우스,,,사회·경제·예술·기타,,
20127,바보 빅터,호아킴 데 포사다,한국경제신문,,,사회·경제·예술·기타,,
20128,갈라파고스:세상을 바꾼 섬,폴D스튜어트,궁리,,,사회·경제·예술·기타,,
20129,걷는자의 꿈 존 뮤어 트레일,신영철,은행나무,,,사회·경제·예술·기타,,
20130,김제동이 만나러 갑니다,김제동,위즈덤경향,,,사회·경제·예술·기타,,
20131,나의 산티아고 혼자이면서 함께 걷는 길,김희경,푸른숲,,,사회·경제·예술·기타,,
20132,서른 살엔 미쳐 몰랐던 것들,김선경,걷는 나무,,,사회·경제·예술·기타,,
20133,스눕,샘고슬링,한국경제신문사,,,사회·경제·예술·기타,,
20134,큰오색딱따구리의 육아일기,김성호,웅진지식하우스,,,사회·경제·예술·기타,,
20135,보이지 않는 고릴라,크리스토퍼 차브리스,김영사,,,사회·경제·예술·기타,,
20136,디퍼런트,문영미,살림Biz,,,사회·경제·예술·기타,,
20137,아이의 자존감,"정지은, 김민태",지식채널,,,사회·경제·예술·기타,,
20138,나폴레온 힐 성공의 법칙,나폴레온 힐,중앙경제평론사,,,사회·경제·예술·기타,,
20139,여자를 위한 인생 10강,신달자,민음사,,,사회·경제·예술·기타,,
20140,인생의 절반쯤 왔을 때 깨닫게 되는 것들,위즈덤하우스,리처드J 라이더,,,사회·경제·예술·기타,,
20141,일본에 고함,시루,KBS 역사스페셜 제작팀외,,,사회·경제·예술·기타,,
20142,나를 끌고가는 너는 누구냐,박옥수,온마인드,,,사회·경제·예술·기타,,
20143,하룻밤에 읽는 한국사,최용범,페이퍼로드,,,사회·경제·예술·기타,,
20144,경제독법,곽수종,원앤원북스,,,사회·경제·예술·기타,,
20145,내일의 금맥,마크파버,필맥,,,사회·경제·예술·기타,,
20146,언니의 독설,김미경,21세기북스,,,사회·경제·예술·기타,,
20147,자기혁명,박경철,리더스북,,,사회·경제·예술·기타,,
20148,시빌라이제이션,니얼 퍼거슨,21세기북스,,,사회·경제·예술·기타,,
20149,(그림으로 보는) 십자군 이야기,시오노 나나미,문학동네,,,사회·경제·예술·기타,,
20150,지도밖으로 행군하라,한비야,리뷰,,,사회·경제·예술·기타,,
20151,경허선사일대기,현담,선,,,사회·경제·예술·기타,,
20152,돈으로 살 수 없는 것들,마이클 샌델,와이즈베리,,,사회·경제·예술·기타,,
20153,무엇을 선택할 것인가,정하준,부키,,,사회·경제·예술·기타,,
20154,부동산금융 커리어 바이블,PP,매일경제신문사,,,사회·경제·예술·기타,,
20155,스티븐잡스의 자서전,,,,,사회·경제·예술·기타,,
20156,하루15분 정리의 힘,윤선현,위즈덤 하우스,,,사회·경제·예술·기타,,
20157,진중권의 서양미술사(고전예술편),진중권,휴머니스트,,,사회·경제·예술·기타,,
20158,3차산업혁명,제레미 리프킨,민음사,,,사회·경제·예술·기타,,
20159,넛지(똑똑한 선택을 이끄는 힘),리처드탈러,리더스북,,,사회·경제·예술·기타,,
20160,다부진 나라 스위스에 가다,구니마쓰 다카지,기파랑,,,사회·경제·예술·기타,,
20161,종횡무진 서양사(상),남경태,그린비,,,사회·경제·예술·기타,,
20162,종횡무진 서양사(하),남경태,그린비,,,사회·경제·예술·기타,,
20163,20대 나만의 무대를 세워라,유수연,위즈덤하우스,,,사회·경제·예술·기타,,
20164,지식 프라임,EBS지식프라임,밀리언하우스,,,사회·경제·예술·기타,,○
20165,습관의 힘,찰스 두히그,갤리온,,,사회·경제·예술·기타,,
20166,언니의 독설2,김미경,21세기북스,,,사회·경제·예술·기타,,
20167,빚경제학,한배선,청림출판,,,사회·경제·예술·기타,,
20168,김종서와 조선의 눈물,이덕일,옥당,,,사회·경제·예술·기타,,
20169,러쉬,토드 부크홀츠,청림출판,,,사회·경제·예술·기타,,
20170,공병호의 공부법(운명을 바꾸는),공병호,21세기북스,,,사회·경제·예술·기타,,
20171,역사의 미술관,이주헌,문학동네,,,사회·경제·예술·기타,,
20172,지식의 미술관,이주헌,문학동네,,,사회·경제·예술·기타,,
20173,바로잉,데이비드 코드,흐름출판,,,사회·경제·예술·기타,,
20174,근대를 말하다,이덕일,역사의아침,,,사회·경제·예술·기타,,
20175,명작 스캔들,한지원,페이퍼스토리,,,사회·경제·예술·기타,,
20176,금융경제학 사용설명서,이찬근,부키,,,사회·경제·예술·기타,,
20177,내 인생을 바꾸는 10초,김종춘,매일경제신문사,,,사회·경제·예술·기타,,
20178,물의미래,에릭 오르세나,김영사,,,사회·경제·예술·기타,,
20179,우리들의현대침묵사,"정길화, 김환균",해냄출판사,,,사회·경제·예술·기타,,
20180,지금힘들다면 잘하고 있는 것이다,전옥표,중앙북스,,,사회·경제·예술·기타,,
20181,생각이 너무 많은 여자,수잔 놀렌혹스마,지식너머,,,사회·경제·예술·기타,,
20182,메라비언 법칙,허은아,위즈덤하우스,,,사회·경제·예술·기타,,
20183,지식 e SEASON 1,EBS 지식채널 e,북하우스,,,사회·경제·예술·기타,,
20184,지식 e SEASON 2,EBS 지식채널 e,북하우스,,,사회·경제·예술·기타,,
20185,지식 e SEASON 3,EBS 지식채널 e,북하우스,,,사회·경제·예술·기타,,
20186,지식 e SEASON 4,EBS 지식채널 e,북하우스,,,사회·경제·예술·기타,,
20187,지식 e SEASON 6,EBS 지식채널 e,북하우스,,,사회·경제·예술·기타,,
20188,지식 e SEASON 7,EBS 지식채널 e,북하우스,,,사회·경제·예술·기타,,
20189,트렌드 코리아 2013,김난도,미래의 창,,,사회·경제·예술·기타,,
20190,세계를 뒤흔든 경제 대통령들,일반,삼성경제연구소,,,사회·경제·예술·기타,,
20191,린인,셰릴 샌드버그,와이즈베리,,,사회·경제·예술·기타,,
20192,이중섭 편지와 그림들,이중섭,다빈치,,,사회·경제·예술·기타,,
20193,끝도 없는 일 깔끔하게 해치우기,데이비드 알렌,21세기북스,,,사회·경제·예술·기타,,
20194,너는 나에게 상처를 줄 수 없다,배르벨 바르데츠키,걷는나무,,,사회·경제·예술·기타,,
20195,에버노트 분투기,삼정,s비즈북스,,,사회·경제·예술·기타,,
20196,2014보도사진연감(뉴스),한국사진기자협회,-,,,사회·경제·예술·기타,,
20197,"2014보도사진연감(스포츠, 피처)",한국사진기자협회,-,,,사회·경제·예술·기타,,
20198,스페인은 건축이다,김희곤,오브제,,,사회·경제·예술·기타,,
20199,실속대화법,이정숙,더난출판사,,,사회·경제·예술·기타,,
20200,포커스,대니얼 골먼,리더스북,,,사회·경제·예술·기타,,
20201,이케아세대 그들의 역습이 시작되었다,전영수,중앙북스,,,사회·경제·예술·기타,,
20202,신도 버린 사람들,나렌드라 자다브,김영사,,,사회·경제·예술·기타,,
20203,작은 도시 큰 기업,모종린,알에이치 코리아,,,사회·경제·예술·기타,,
20204,월급쟁이 부자들,이명로,스마트북스,,,사회·경제·예술·기타,,
20205,일의 미래,린다 그래튼,생각연구소,,,사회·경제·예술·기타,,
20206,2030대담한 미래,최윤식,지식노마드,,,사회·경제·예술·기타,,
20207,장난꾸러기 돼지들의 화학피크닉,조 슈워츠,바다출판사,,,사회·경제·예술·기타,,
20208,바이러스 습격 사건,앨런p.,알마,,,사회·경제·예술·기타,,
20209,유엔미래보고서2045,박영숙,교보문고,,,사회·경제·예술·기타,,
20210,감성의 끝에 서라,강신장,21세기북스,,,사회·경제·예술·기타,,
20211,생각하는 여자는 위험하다,슈테판 볼만,이봄,,,사회·경제·예술·기타,,
20212,세계를 움직이는 리더는 어떻게 공감을 얻는가,빌 맥고완,비즈니스북스,,,사회·경제·예술·기타,,
20213,장하준의 경제학강의,장하준,부키,,,사회·경제·예술·기타,,
20214,EBS다큐프라임자본주의사용설명서,EBS 자본주의 제작팀,가나출판사,,,사회·경제·예술·기타,,
20215,뉴스의 시대,알랭 드 보통,문학동네,,,사회·경제·예술·기타,,
20216,정도전을 위한 변명,조유식,휴머니스트,,,사회·경제·예술·기타,,
20217,노력중독,에른스트 푀펠,율리시즈,,,사회·경제·예술·기타,,
20218,신성장동력의 산업화 조건과 정책과제,정은미 외,산업연구원,,,사회·경제·예술·기타,,
20219,21세기 자본,토마 피케티,글항아리,,,사회·경제·예술·기타,,
20220,부의 추월차선,엠제이 드마코,토르,,,사회·경제·예술·기타,,
20221,월급쟁이 부자는 없다,김수영,퍼플카우,,,사회·경제·예술·기타,,
20222,왜 나는 사업을 하는가,이상수,다산3.0,,,사회·경제·예술·기타,,
20223,싱글맘 부동산 경매로 홀로서기,이선미,지혜로,,,사회·경제·예술·기타,,
20224,전원생활부자들,정성규,북씽크,,,사회·경제·예술·기타,,
20225,"돈, 일하게 하라",박영옥,행간,,,사회·경제·예술·기타,,
20226,왜 A학생은 C학생 밑에서 일하게 되는가 그리고 왜 B학생은 공무원이 되는가,로버트 기요사키,민음인,,,사회·경제·예술·기타,,
20227,서울건축만담,차현호,아트북스,,,사회·경제·예술·기타,,
20228,내가알고있는걸 당신도 알게된다면,칼 필레머,토네이도,,,사회·경제·예술·기타,,
20229,대통령의 시간,이명박,알에이치코리아,,,사회·경제·예술·기타,,
20230,마이클 포터 경쟁론,마이클 포터,21세기북스,,,사회·경제·예술·기타,,
20231,하버드 새벽 4시 반,웨잉슈잉,라이스메이커,,,사회·경제·예술·기타,,
20232,이기적 유전자,리처드 도킨스,을유문화사,,,사회·경제·예술·기타,,과학·기술·공학
20233,대화의신,래리 킹,위즈덤하우스,,,사회·경제·예술·기타,,
20234,슈퍼차이나,KBS제작팀,가나출판사,,,사회·경제·예술·기타,,
20235,"일론 머스크, 미래의 설계자",애슐리 반스,김영사,,,사회·경제·예술·기타,,
20236,1913년 세기의 여름,플로리안 일리스,문학동네,,,사회·경제·예술·기타,,
20237,선진국 한국의 우울,오니시 유타카,예문,,,사회·경제·예술·기타,,
20238,세계가 일본된다,홍성국,메디치미디어,,,사회·경제·예술·기타,,
20239,왜 세계의 절반은 굶주리는가,장 지글러,갈라파고스,,,사회·경제·예술·기타,,
20240,타인의 영향력,마이클본드,어크로스,,,사회·경제·예술·기타,,
20241,나는 부동산과 맞벌이한다,너바나,알키,,,사회·경제·예술·기타,,
20242,잭 웰치의 마지막 강의,젤 웰치,알프레드,,,사회·경제·예술·기타,,
20243,집 없이도 제주 부동산 사라,차경아,일상이상,,,사회·경제·예술·기타,,
20244,"평범한 월급쟁이 월세 1,000만원 받는 슈퍼직장인들",황준석,나비의 활주로,,,사회·경제·예술·기타,,
20245,소형 아파트 빌라 투자 앞으로 3년이 기회다,이종길,끌리는책,,,사회·경제·예술·기타,,
20246,이웃집 백만장자,토마스J,리드리드출판,,,사회·경제·예술·기타,,
20247,마흔살 행복한 부자 아빠,아파테이아,길벗,,,사회·경제·예술·기타,,
20248,돈,보도 섀퍼,북플러스,,,사회·경제·예술·기타,,
20249,합법적으로 세금 안 내는 110가지 방법,신방수,아라크네,,,사회·경제·예술·기타,,
20250,한국인은 미쳤다,에리크 쉬르데주,북하우스,,,사회·경제·예술·기타,,
20251,101가지 비즈니스 모델 이야기,남대일,한스미디어,,,사회·경제·예술·기타,,
20252,하드웨어 스타트업,김영준,한스미디어,,,사회·경제·예술·기타,,
20253,권도균의 스타트업 경영 수업,권도균,로고폴리스,,,사회·경제·예술·기타,,
20254,트렌드 코리아 2016,김난도,미래의창,,,사회·경제·예술·기타,,
20255,내 안에서 나를 만드는 것들,애덤스미스,세계사,,,사회·경제·예술·기타,,
20256,휴먼3.0,피터 노왁,새로운 현재,,,사회·경제·예술·기타,,
20257,제로 투 원,피터 틸,매일경제신문,,,사회·경제·예술·기타,,
20258,미래를 내다보는 힘 전략가의 시나리오,유정식,알에이치코리아,,,사회·경제·예술·기타,,
20259,전략의 교실,스즈키 히로키,다산북스,,,사회·경제·예술·기타,,
20260,시나리오 플래닝,마츠 린드그렌,필맥,,,사회·경제·예술·기타,,
20261,비즈니스 모델을 훔쳐라,아마에다 마사히로,한빛비즈,,,사회·경제·예술·기타,,
20262,창의융합 콘서트,최재천 외 11,엘도라도,,,사회·경제·예술·기타,,
20263,관점을 디자인하라,박용후,프롬북스,,,사회·경제·예술·기타,,
20264,2016 업계지도,한국비즈니스정보,어바웃어북,,,사회·경제·예술·기타,,
20265,글이 돈이 되는 기적,이성주,생각비행,,,사회·경제·예술·기타,,
20266,일이나를 아프게 할 때,오카다 다카시,에스파스,,,사회·경제·예술·기타,,
20267,1등의 습관,찰스 두히그,알프레드,,,사회·경제·예술·기타,,
20268,클라우스 슈밥의 제4차 산업혁명,클라우스 슈밥,새로운현재,,,사회·경제·예술·기타,,
20269,유쾌한 이코노미스트의 스마트한 경제 공부,홍춘욱,원더박스,,,사회·경제·예술·기타,,
20270,부동산의 보이지 않는 진실,"이재범,김영기",프레너미,,,사회·경제·예술·기타,,
20271,이기는 선택,권오상,카시오페아,,,사회·경제·예술·기타,,
20272,회계는 어떻게 역사를 지배해왔는가,제이컵 솔,메멘토,,,사회·경제·예술·기타,,
20273,나는 생각이 너무 많아(생존편),크리스텔프티콜랭,부키,,,사회·경제·예술·기타,,
20274,나는 생각이 너무 많아,크리스텔프티콜랭,부키,,,사회·경제·예술·기타,,
20275,부자의 집사,아라이 나오유키,다산,,,사회·경제·예술·기타,,
20276,진보를 꿈꾸는 CEO,"이계안, 우석훈",레디앙,,,사회·경제·예술·기타,,
20277,젊은부자,박종기,청림출판,,,사회·경제·예술·기타,,
20278,이케아 불편을 팔다,뤼디거융블루트,미래의 창,,,사회·경제·예술·기타,,
20279,인터넷 전문은행,신무경,미래의 창,,,사회·경제·예술·기타,,
20280,맞벌이 부자들,김경필,다산북스,,,사회·경제·예술·기타,,
20281,"아, 보람따위 됐으니 야근수당이나 주세요",히노 에이타로,오우아,,,사회·경제·예술·기타,,
20282,생각의 생각을 만드는 메모의 기적,고니시 도시유키,21세기북스,,,사회·경제·예술·기타,,
20283,구글의 미래,토마스 슐츠,비즈니스북스,,,사회·경제·예술·기타,,
20284,나는 금리로 경제를 읽는다,김의경,위너스북,,,사회·경제·예술·기타,,
20285,박스오피스 경제학,김윤지,어크로스,,,사회·경제·예술·기타,,
20286,대한민국 부동산의 미래,김장섭,트러스트북스,,,사회·경제·예술·기타,,
20287,서양미술사,E.H.곰브리치,예경,,,사회·경제·예술·기타,,
20288,"뉴스테이 시대, 사야할집 팔아야할집",채상욱,헤리티지,,,사회·경제·예술·기타,,
20289,정중하지만 직설적으로(단번에 목적을 전달하는 사이다 대화법),앨런파머,처음북스,,,사회·경제·예술·기타,,
20290,조조의 결정에서 배우다,천위안,아이넷북스,,,사회·경제·예술·기타,,
20291,투자의 여왕,성선화,청림출판,,,사회·경제·예술·기타,,
20292,환율의 미래,홍춘욱,에이지 21,,,사회·경제·예술·기타,,
20293,인플레로 돈버는 사람들,맥스 샤피로,한울,,,사회·경제·예술·기타,,
20294,금융투기의 역사,에드워드 챈슬러,국일 증권경제연구소,,,사회·경제·예술·기타,,
20295,하루 5분! 정리노트,moca,영진닷컴,,,사회·경제·예술·기타,,
20296,TED TALKS 테드토크,크리스 앤더슨,21세기북스,,,사회·경제·예술·기타,,
20297,자존감 수업,윤홍균,심플라이프,,,사회·경제·예술·기타,,
20298,세계역사를 뒤흔든 금융이야기,왕웨이,평단,,,사회·경제·예술·기타,,
20299,스타트업 전성시대,플래텀 미디어팀,북돋음,,,사회·경제·예술·기타,,
20300,습관의 경제학,밥 니스,라이팅하우스,,,사회·경제·예술·기타,,
20301,상위1% 부자의 통찰력,사이토 히토리,경향BP,,,사회·경제·예술·기타,,
20302,나는 우리집으로 투잡한다,이창현,투리북스,,,사회·경제·예술·기타,,
20303,나는 춘천의 에어비앤비 슈퍼호스트다,남기성,비즈북스,,,사회·경제·예술·기타,,
20304,24세 황태일(그는 왜 세계가 주목하는 한국 청년 CEO인가?),이인수,가나북스,,,사회·경제·예술·기타,,
20305,에어비앤비 서울 아트숙소11,임지선,미래의 창,,,사회·경제·예술·기타,,
20306,불구가 된 미국,도널드 트럼프,이레미디어,,,사회·경제·예술·기타,,
20307,거래의 기술(트럼프는 어떻게 원하는 것을 얻는가),도널드 트럼프,살림,,,사회·경제·예술·기타,,
20308,다르게 생각하는 연습,박종하,새로운 제안,,,사회·경제·예술·기타,,
20309,코끼리와 벼룩,찰스 핸디,모멘텀,,,사회·경제·예술·기타,,
20310,제갈량의 지혜에서 배우다,천위안,아이넷북스,,,사회·경제·예술·기타,,
20311,생각하라 그러면 부자가 되리라,나폴레온 힐,국일미디어,,,사회·경제·예술·기타,,
20312,"김밥파는 CEO, 부자의 탄생을 말하다. 생각의 비밀",김승호,황금출판사,,,사회·경제·예술·기타,,
20313,1년만에 기억력 천재가 된 남자,조슈아 포어,갤리온,,,사회·경제·예술·기타,,
20314,전설로 떠나는 월街의 영웅,"피터린치, 존 로스차일드",국일 증권경제연구소,,,사회·경제·예술·기타,,
20315,트렌드 코리아 2017,김난도 외 5명,미래의 창,,,사회·경제·예술·기타,,
20316,난생 처음 사장,린지 폴락,부키,,,사회·경제·예술·기타,,
20317,노기자의 창업 트렌드,노승욱,매일경제신문사,,,사회·경제·예술·기타,,
20318,숨은 시장을 발굴하는 강력한 힘 매칭,앨빈 로스,알키,,,사회·경제·예술·기타,,
20319,식탁 위의 경제학자들,조원경,쌤앤파커스,,,사회·경제·예술·기타,,
20320,이것이 실전 회계다,"김수헌, 이재홍",어바웃어북,,,사회·경제·예술·기타,,
20321,똑똑한 사람들의 멍청한 선택,리처드 탈러,리더스북,,,사회·경제·예술·기타,,
20322,"꿈꾸는 커피 회사, 이디야 이야기 커피드림",문창기,한국경제신문,,,사회·경제·예술·기타,,
20323,리더의 승패는 청렴이다,배정애,가나북스,,,사회·경제·예술·기타,,
20324,1만 권 독서법,인나미 아쓰시,위즈덤하우스,,,사회·경제·예술·기타,,
20325,"이기는 유머, 끝내는 유머",조관일,현문,,,사회·경제·예술·기타,,
20326,부자본능,펠릭스 데니스,북하우스,,,사회·경제·예술·기타,,
20327,"금융, 배워야산다","최일, 박경화",한국경제신문,,,사회·경제·예술·기타,,
20328,7일 만에 끝내는 금융지식,정웅지,원앤원북스,,,사회·경제·예술·기타,,
20329,파이토케미컬을 먹어라,탁상숙,다봄,,,사회·경제·예술·기타,,
20330,나는 왜 영양제를 처방하는 의사가 되었나,여에스더,메디치미디어,,,사회·경제·예술·기타,,
20331,김진영의 한국사 X파일,김진영|박상철,,,,사회·경제·예술·기타,,
20332,대한민국 부동산 투자,김학렬(빠숑),알에이치코리아,,,사회·경제·예술·기타,,
20333,인구와 투자의 미래,홍춘욱,에프엔미디어,,,사회·경제·예술·기타,,
20334,부자들의 개인 도서관,이상건,알에이치코리아,,,사회·경제·예술·기타,,
20335,아기곰의 재테크 불변의 법칙,아기곰,아라크네,,,사회·경제·예술·기타,,
20336,대한민국이 묻는다,문재인,21세기북스,,,사회·경제·예술·기타,,
20337,이기는 습관1,전옥표,쌤앤파커스,,,사회·경제·예술·기타,,
20338,이기는 습관2,김진동,쌤앤파커스,,,사회·경제·예술·기타,,
20339,세상에 환상을 입혀라,니나 안,매일경제신문사,,,사회·경제·예술·기타,,
20340,판결을 다시 생각한다,김영란,창비,,,사회·경제·예술·기타,,
20341,한국의 젊은 부자들,이신영,메이븐,,,사회·경제·예술·기타,,
20342,레버리지,롭 무어,다산 3.0,,,사회·경제·예술·기타,,
20343,부자언니 부자연습,유수진,세종서적,,,사회·경제·예술·기타,,
20344,"명견만리(정체, 생애,직업,탐구 편)",KBS<명견만리>제작팀,인플루엔셜,,,사회·경제·예술·기타,,
20345,적게 벌어도 잘사는 노후 50년,황희철,차이정원,,,사회·경제·예술·기타,,
20346,당신의 잠든 부를 깨워라,새라 뉴컴,유노북스,,,사회·경제·예술·기타,,
20347,글로벌 투자전쟁,영주 닐슨,비즈니스북스,,,사회·경제·예술·기타,,
20348,돈되는 재건축 재개발,이정열,잇콘,,,사회·경제·예술·기타,,
20349,한국의 1000원짜리 땅 부자들,"김장섭, 윤세영",트러스트북스,,,사회·경제·예술·기타,,
20350,나는 디벨로퍼다,여의도 김박사,혜성출판사,,,사회·경제·예술·기타,,
20351,당신은 정직한가,낸 드마스,MID,,,사회·경제·예술·기타,,
20352,대한민국 부동산 7가지 질문,하승주,스마트북스,,,사회·경제·예술·기타,,
20353,90일 완성 돈버는 평생습관,요코야마 미츠아키,걷는나무,,,사회·경제·예술·기타,,
20354,평생 돈 걱정 없이 사는 월세 로봇 만들기,김수영(유비),보랏빛소,,,사회·경제·예술·기타,,
20355,문서작성 최소원칙,정경수,큰그림,,,사회·경제·예술·기타,,
20356,돈 되는 아파트 돈 안 되는 안파트,채상욱,위즈덤하우스,,,사회·경제·예술·기타,,
20357,송사무장의 부동산 경매의 기술,송희창,지혜로,,,사회·경제·예술·기타,,
20358,초과수익 바이블,프레더릭 반하버비크,에프엔미디어,,,사회·경제·예술·기타,,
20359,부동산 고수들만 알고 있는 단기투자의 비밀,전용은,원앤원북스,,,사회·경제·예술·기타,,
20360,리모델링으로 재테크하라,토미,예문,,,사회·경제·예술·기타,,
20361,다시 떠오르는 엘도라도 라틴아메리카,최연충,이지출판,,,사회·경제·예술·기타,,
20362,미래를 읽는 기술,에릭 갈랜드,한국경제신문,,,사회·경제·예술·기타,,
20363,기업경영이념,정몽준,UUP,,,사회·경제·예술·기타,,
20364,펀드투자 함부로 하지마라,양규형,Human & Books,,,사회·경제·예술·기타,,
20365,빅씽크전략,번트 H. 슈미트,세종서적,,,사회·경제·예술·기타,,
20366,정직하게 살아야 부자가 된다,에릭 J. 르쟌,Fides,,,사회·경제·예술·기타,,
20367,건강검진 사용 설명서,"(재)KMI한국의학연구소, 안지현",싸이프레스,,,사회·경제·예술·기타,,
20368,오늘 대통령에게 깨졌다,김두우,RHK,,,사회·경제·예술·기타,,
20369,위기의 한국 누구에게 맡길 것인가,조성관,생각의 나무,,,사회·경제·예술·기타,,
20370,일본에 말한다,정몽준,김영사,,,사회·경제·예술·기타,,
20371,서울리츠 2030 신주거전략,"이상영, 박원석",유원북스,,,사회·경제·예술·기타,,
20372,creative thinking(생각의 혁명),로저 본 외흐,에코리브르,,,사회·경제·예술·기타,,
20373,일본전산이야기,김성호,샘앤파커스,,,사회·경제·예술·기타,,
20374,콘텐츠로 세상을 지배하라,전진국,샘앤파커스,,,사회·경제·예술·기타,,
20375,30분 경제학,이호리 도시히로,길벗,,,사회·경제·예술·기타,,
20376,열정과 논리로 살기좋은 울산을,강길부,해든디앤피,,,사회·경제·예술·기타,,
20377,한계를 넘어서,엘리 골드랫,동양문고,,,사회·경제·예술·기타,,
20378,공직자가 청렴하면 청와대도 안 무섭다,임용근,좋은땅,,,사회·경제·예술·기타,,
20379,"명견만리(윤리,기술,중국,교육 편)",KBS<명견만리>제작팀,인플루엔셜,,,사회·경제·예술·기타,,
20380,"명견만리(인구,경제,북한,의료 편)",KBS<명견만리>제작팀,인플루엔셜,,,사회·경제·예술·기타,,
20381,꼭 알고 싶은 꼬마 빌딩 투자의 모든 것,정호진,원앤원북스,,,사회·경제·예술·기타,,
20382,수익형 부동산의 99%는 입지다,안민석,원앤원북스,,,사회·경제·예술·기타,,
20383,격변의 패턴,딜로이트 안진경영연구원,원앤원북스,,,사회·경제·예술·기타,,
20384,7일 만에 끝내는 부동산 지식,김인만,원앤원북스,,,사회·경제·예술·기타,,
20385,세상에서 가장 가난한 대통령 무히카,미겔 앙헬 캄포도니코,21세기북스,,,사회·경제·예술·기타,,
20386,부동산 경매 상식 사전,백영록,길벗,,,사회·경제·예술·기타,,
20387,밴버드의 어리석음,폴 콜린스,양철북,,,사회·경제·예술·기타,,
20388,트렌드 코리아 2018,김난도 외 7,미래의 창,,,사회·경제·예술·기타,,
20389,2018 메가트렌드,건설경제,건설경제신문,,,사회·경제·예술·기타,,
20390,마음의 창,건설경제,건설경제신문,,,사회·경제·예술·기타,,
20391,영화 뉴욕을 찍다,박용민,헤이북스,,,사회·경제·예술·기타,,
20392,주식투자 무작정 따라하기,윤재수,길벗,,,사회·경제·예술·기타,,
20393,이제는 누군가 해야 할 이야기,"김영란, 김두식",쌤앤파커스,,,사회·경제·예술·기타,,
20394,골목길 자본론,모종린,다산북스,,,사회·경제·예술·기타,,
20395,청와대 출입기자의 반성문,김두수,여의도미디어,,,사회·경제·예술·기타,,
20396,이성정부에서 감성정부로,박상언,이음스토리,,,사회·경제·예술·기타,,
20397,신경 끄기의 기술,마크 맨슨,갤리온,,,사회·경제·예술·기타,,
20398,경매통장,김유한,포레스트북스,,,사회·경제·예술·기타,,
20399,숫자로 경영하라,최종학,원앤원북스,,,사회·경제·예술·기타,,
20400,손정의 300년 왕국의 야망,스기모토 다카시,서울문화사,,,사회·경제·예술·기타,,
20401,혼자 있고 싶은데 외로운 건 싫어,피터홀린스,포레스트북스,,,사회·경제·예술·기타,,
20402,검사내전,김웅,부키,,,사회·경제·예술·기타,,
20403,한 권으로 정리하는 4차 산업혁명,최진기,이지퍼블리싱,,,사회·경제·예술·기타,,
20404,원칙,레이 달리오,한빛비즈,,,사회·경제·예술·기타,,
20405,Money 2.0,사토 가쓰야키,21세기북스,,,사회·경제·예술·기타,,
20406,당신은 겉보기에 노력하고 있을 뿐,리샹룽,북플라자,,,사회·경제·예술·기타,,
20407,18세기 도시,정병설,문학동네,,,사회·경제·예술·기타,,
20408,3층 서기실의 암호,태영호,기파랑,,,사회·경제·예술·기타,,
20409,알고 보면 재미있는 경제지식,조성종,중앙경제평론사,,,사회·경제·예술·기타,,
20410,멀티플라이어,"리즈 와이즈먼, 그랙 맥커운",한국경제신문사,,,사회·경제·예술·기타,,
20411,오를 지역만 짚어주는 부동산 투자 전략,채상욱,위즈덤하우스,,,사회·경제·예술·기타,,
20412,마켓3.0,필립 코틀러,타임비즈,,,사회·경제·예술·기타,,
20413,경제 개념어 사전,곽수종,원앤원북스,,,사회·경제·예술·기타,,
20414,코스모스,칼 세이건,사이언스 북스,,,사회·경제·예술·기타,,
20415,나는 4시간만 일한다,팀 페리스,다른상상,,,사회·경제·예술·기타,,
20416,코리아 아젠다 2017,강태진 외,나녹,,,사회·경제·예술·기타,,
20417,결정의 리더십,오연천,21세기북스,,,사회·경제·예술·기타,,
20418,국가재정의 정치경제학,오연천,21세기북스,,,사회·경제·예술·기타,,
20419,트렌드코리아2019,김난도 외,미래의창,,,사회·경제·예술·기타,,
20420,비커밍,미셸 오바마,웅진지식하우스,,,사회·경제·예술·기타,,
20421,우리 몸이 세계라면,김승섭,동아시아,,,사회·경제·예술·기타,,
20422,재미만점 두뇌계발 스도쿠 1,베이직콘텐츠연구소,베이직북스,,,사회·경제·예술·기타,,
20423,재미만점 두뇌계발 스도쿠 2,베이직콘텐츠연구소,베이직북스,,,사회·경제·예술·기타,,
20424,문제는 경제다,선대인,웅진지식하우스,,,사회·경제·예술·기타,,
20425,어떻게 원하는 것을 얻는가,스튜어트 다이아몬드,8,,,사회·경제·예술·기타,,
20426,침묵의 봄,레이첼 카슨,에코리브르,,,사회·경제·예술·기타,,
20427,원더풀 사이언스,나탈리 앤지어,지호,,,사회·경제·예술·기타,,
20428,언스크립티드 : 부의 추월차선 완결판,엠제이 드마코,토트,,,사회·경제·예술·기타,,
20429,판다와 샤오미,박은경,경향신문사,,,사회·경제·예술·기타,,
20430,직장인이여 회계하라,윤정용,덴스토리,,,사회·경제·예술·기타,,
20431,아주 작은 습관의 힘,제임스 클리어,비즈니스북스,,,사회·경제·예술·기타,,
20432,50대 사건으로 보는 돈의 역사,홍춘욱,로크미디어,,,사회·경제·예술·기타,,
20433,오사카 상인들,홍하상,효형출판,,,사회·경제·예술·기타,,
20434,성공하는 나를 디자인하는 이미지 바이블,송인옥,해피&북스,,,사회·경제·예술·기타,,
20435,"파워풀, 넷플릭스 성장의 비결",패티 맥코드,한국경제신문,,,사회·경제·예술·기타,,
20436,90년생이 온다,임홍택,웨일북,,,사회·경제·예술·기타,,
20437,운을 읽는 변호사,니시나카 쓰토무,알투스,,,사회·경제·예술·기타,,
20438,"명견만리 : 불평등, 병리, 금융, 지역편",KBS명견만리 제작팀,인플루엔셜,,,사회·경제·예술·기타,,
20439,어른은 어떻게 성장하는가,존 헤네시,부키,,,사회·경제·예술·기타,,
20440,미국 배당주 투자,소수몽키 외2,베가북스,,,사회·경제·예술·기타,,
20441,하버드 상위 1퍼센트의 비밀,정주영,한국경제신문,,,사회·경제·예술·기타,,
20442,유대인 수업,마빈 토케이어,탐나는책,,,사회·경제·예술·기타,,
20443,선량한 차별주의자,김지혜,창비,,,사회·경제·예술·기타,,
20444,장고의 쪼루인생 골프 이야기,장복덕,징검다리,,,사회·경제·예술·기타,,
20445,한국의 골프장 이야기,"류석무, 남화영",구름서재,,,사회·경제·예술·기타,,
20446,샘 해밍턴의 하루 5분 아빠랜드,샘 해밍턴,구층책방,,,사회·경제·예술·기타,,
20447,사회학의 쓸모,지그문트 바우만 외2,서해문집,,,사회·경제·예술·기타,,
20448,그렇게 나는 스스로 기업이 되었다,최윤섭,클라우드나인,,,사회·경제·예술·기타,,
20449,세습 중산층 사회,조귀동,생각의힘,,,사회·경제·예술·기타,,
20450,온돌 그 찬란한 구들문화,"김준봉, 리신호",청홍,,,사회·경제·예술·기타,,
20451,아시아 건축기행,강영환,한길사,,,사회·경제·예술·기타,,
20452,한옥으로 다시 읽는 집 이야기,최성호,전우문화사,,,사회·경제·예술·기타,,
20453,시간을 2배로 늘려 사는 비결,로리 베이든,문학사상,,,사회·경제·예술·기타,,
20454,블로그 운영&마케팅 무작정 따라하기,김가영,길벗,,,사회·경제·예술·기타,,
20455,속세를 털어버린 식영정,"박준규, 최한선",태학사,,,사회·경제·예술·기타,,
20456,돈의 속성,김승호,스노우폭스북스,,,사회·경제·예술·기타,,
20457,설민석의 책 읽어드립니다,설민석,단꿈아이,,,사회·경제·예술·기타,,
20458,지식편의점: 생각하는 인간편,이시한,흐름출판,,,사회·경제·예술·기타,,
20459,방구석 미술관,조원재,블랙피쉬,,,사회·경제·예술·기타,,
20460,보이지 않는 여자들,캐럴라인 크리아도 페레스,웅진지식하우스,,,사회·경제·예술·기타,,
20461,창백한 푸른 점,칼 세이건,사이언스북스,,,사회·경제·예술·기타,,
20462,정리하는 뇌,대니얼 J. 레비틴,와이즈베리,,,사회·경제·예술·기타,,
20463,"세상을 읽는 새로운 언어, 빅데이터",조성준,21세기북스,,,사회·경제·예술·기타,,
20464,에이트,이지성,차이정원,,,사회·경제·예술·기타,,
20465,한국건축의장,주남철,일지사,,,사회·경제·예술·기타,,
20466,린치핀,세스고딘,라이스메이커,,,사회·경제·예술·기타,,
20467,일 잘하는 사람은 단순하게 말합니다,박소연,더퀘스트,,,사회·경제·예술·기타,,
20468,관상 경영학,김태연,비즈니스북스,,,사회·경제·예술·기타,,
20469,카트 읽는 남자,외른 회프너,파우제,,,사회·경제·예술·기타,,
20470,나는 나로 살기로 했다,김수현,마음의숲,,,사회·경제·예술·기타,,
20471,무슨 말을 그따위로 하십니까?,오수향,넥서스BOOKS,,,사회·경제·예술·기타,,
20472,가장 쉬운 AI 입문서,오니시 가나코,아티오,,,사회·경제·예술·기타,,
20473,포노 사피엔스,최재붕,쌤앤파커스,,,사회·경제·예술·기타,,
20474,어른의 어휘력,유선경,앤의서재,,,사회·경제·예술·기타,,
20475,에이트 씽크,이지성,차이정원,,,사회·경제·예술·기타,,
20476,결국 퇴사할 수밖에 없는 공채형 인간,사과집,라이스메이커,,,사회·경제·예술·기타,,
20477,부동산 절세 상식사전(개정판),유종오,길벗,,,사회·경제·예술·기타,,
20478,미라클모닝,할 엘로드,한빛비즈,,,사회·경제·예술·기타,,
20479,방구석 미술관2,조원재,블랙피쉬,,,사회·경제·예술·기타,,
20480,슈퍼개미 김정환에게 배우는 나의 첫 투자 수업 1,"김정환, 김이안",트러스트북스,,,사회·경제·예술·기타,,
20481,슈퍼개미 김정환에게 배우는 나의 첫 투자 수업 2,"김정환, 김이안",트러스트북스,,,사회·경제·예술·기타,,
20482,나의 한국현대사,유시민,돌베개,,,사회·경제·예술·기타,,
20483,아빠의 첫 돈 공부,박성현,알에이치코리아,,,사회·경제·예술·기타,,
20484,코로나 사이언스,기초과학연구원,동아시아,,,사회·경제·예술·기타,,
20485,슬로싱킹,황농문,위즈덤하우스,,,사회·경제·예술·기타,,
20486,작은 것들이 만든 거대한 세계,멀린 셀드레이크,글담,,,사회·경제·예술·기타,,
20487,널 위한 문화예술,오대우 외2,웨일북,,,사회·경제·예술·기타,,
20488,메타버스,김상균,뜰랜비디자인,,,사회·경제·예술·기타,,
20489,미래의 부,이지성,차이정원,,,사회·경제·예술·기타,,
20490,우리말 어감 사전,안상순,유유,,,사회·경제·예술·기타,,
20491,송사무장의 부동산 공매의 기술,송희창,지혜로,,,사회·경제·예술·기타,,
20492,미술관에 간 화학자,전창림,어바웃어북,,,사회·경제·예술·기타,,
20493,더 푸드 랩(The food lab),J켄지 로페즈-알트,영진닷컴,,,사회·경제·예술·기타,,
20494,모두를 위한 생물학 강의,사라시나 이사오,까치,,,사회·경제·예술·기타,,
20495,정재승의 과학콘서트,정재승,어크로스,,,사회·경제·예술·기타,,
20496,시간은 흐르지 않는다,카를로 로밸리,쌤앤파커스,,,사회·경제·예술·기타,,
20497,공간이 만든 공간,유현준,을유문화사,,,사회·경제·예술·기타,,
20498,가불 선진국,조국,메디치미디어,,,사회·경제·예술·기타,,
20499,대한민국은 혁신중,전기정,리더스북,,,사회·경제·예술·기타,,
20500,좋은 기업을 넘어 위대한 기업으로,짐 콜린스,김영사,,,사회·경제·예술·기타,,
20501,대통령의 경제학,이장규,기파랑,,,사회·경제·예술·기타,,
20502,혼란기의 경영,피터 드러커,한국경제신문,,,사회·경제·예술·기타,,
20503,리더의 아침을 여는 책,김정빈,동쪽나라,,,사회·경제·예술·기타,,
20504,협상의 10계명,"전성철, 최철규",웅진윙스,,,사회·경제·예술·기타,,
20505,지도 위의 붉은 선,페데리코 람피니,갈라파고스,,,사회·경제·예술·기타,,
20506,쿠션,조신영,비전과리더십,,,사회·경제·예술·기타,,
20507,짱깨주의의 탄생,김희교,보리출판사,,,사회·경제·예술·기타,,
20508,부자의 그릇,이즈미 마사토,다산북스,,,사회·경제·예술·기타,,
20509,뮤지컬 익스프레스 슈퍼스타,황조교,초록비책공방,,,사회·경제·예술·기타,,
20510,나는 이제 마음 편히 살기로 했다,가바사와 시온,북라이프,,,사회·경제·예술·기타,,
20511,다니엘 핑크 후회의 재발견,다니엘 핑크,한국경제신문사,,,사회·경제·예술·기타,,
20512,참 괜찮은 태도,박지현,메이븐,,,사회·경제·예술·기타,,
20513,늙는다는 착각,엘렌 랭어,유노북스,,,사회·경제·예술·기타,,
20514,내가 틀릴수도 있습니다(리커버 에디션),비욘 나티코 린데블라드,다산초당,,,사회·경제·예술·기타,,
20515,게으르지만 콘텐츠로 돈은 잘법니다.(자본없이~),신태순,나비의활주로,,,사회·경제·예술·기타,,
20516,웰씽킹 (WEAL THINGKING),켈리최,다산북스,,,사회·경제·예술·기타,,
20517,송사비의 클래식 음악야화,송사비,1458music,,,사회·경제·예술·기타,,
20518,나는 말하듯이 쓴다,강원국,위즈덤하우스,,,사회·경제·예술·기타,,
20519,다정한 것이 살아남는다,브라이언 헤어 외1,디플롯,,,사회·경제·예술·기타,,
20520,생각한다는 착각,닉 채터,웨일북,,,사회·경제·예술·기타,,
20521,인듀어런스,캐롤라인 알렉산더,뜨인돌,,,사회·경제·예술·기타,,
20522,"The General Theory of Employment, Interest and Money Vol.2 (영문판)",존 메이너드 케인스,BOOKK(부크크),,,사회·경제·예술·기타,,
20523,지적자본론,마스다 무네아키,민음사,,,사회·경제·예술·기타,,
20524,아이돌이 된 국가,류하이룽 외 14인,갈무리,,,사회·경제·예술·기타,,
20525,경제파국으로 치닫는 금융위기,최용식,새빛,,,사회·경제·예술·기타,,
20526,조선 미술관,탁현규,블랙피쉬,,,사회·경제·예술·기타,,
20527,식탁 위의 일본사,미야자키 마사카츠,더봄,,,사회·경제·예술·기타,,
20528,장하준의 경제학 레시피,장하준,부키,,,사회·경제·예술·기타,,
20529,10배의 법칙,그랜트 카돈,부키,,,사회·경제·예술·기타,,
20530,마음의 지혜,김경일,포레스트북스,,,사회·경제·예술·기타,,
20531,"물리학, 쿼크에서 우주까지",이종필,김영사,,,사회·경제·예술·기타,,
20532,엑시트 EXIT,송희창,지혜로,,,사회·경제·예술·기타,,
20533,총균쇠,재레드 다이아몬드,김영사,,,사회·경제·예술·기타,,
20534,친애하는 슐츠씨,박상현,어크로스,,,사회·경제·예술·기타,,
20535,불변의법칙,모건 하우절,서삼독,,,사회·경제·예술·기타,,
20536,변방에서 중심으로,김영사,문재인,,,사회·경제·예술·기타,,
20537,신경이야기,아르민 그라우,생각의집,,,사회·경제·예술·기타,,
20538,다시성장이다,오세훈,김영사,,,사회·경제·예술·기타,,
20539,대통령의 자격,"윤여준, 한윤형",MG채널,,,사회·경제·예술·기타,,
20540,스테로이드 인류,백승만,히포크라테스,,,사회·경제·예술·기타,,
20541,매너의 역사,설혜심,휴머니스트,,,사회·경제·예술·기타,,
20542,마포주공아파트 - 단지신화의 시작,박철수,마티,,,사회·경제·예술·기타,,
20543,권력의 심리학,브라이언 클라스,웅진지식하우스,,,사회·경제·예술·기타,,
20544,미술관에 간 해부학자,이재호,어바웃어북,,,사회·경제·예술·기타,,
20545,리스크 테이커,네이트 실버,더퀘스트,,,사회·경제·예술·기타,,
20546,달러 이후의 질서(트럼프 경제 패권의 미래),케네스 로고프,윌북,,,사회·경제·예술·기타,,
20547,소멸하지 않는 도시,경신원,투래빗,,,사회·경제·예술·기타,,
20548,악마의원소(인의 남용과 생태계의 위기),댄 이건,에코리브르,,,사회·경제·예술·기타,,
20549,다락방 미술관,문하연,평단,,,사회·경제·예술·기타,,
20550,역행자,자청,웅진지식하우스,,,사회·경제·예술·기타,,
20551,현명한 투자자,벤저민 그레이엄,국일증권경제연구소,,,사회·경제·예술·기타,,
20552,트렌드 코리아 2026,김난도 외 다수,미래의창,,,사회·경제·예술·기타,,
30001,경관법을 활용한 환경색체계획,요시다 신고,세움,,,전공·자격증·어학,,
30002,유럽의도시 공공디자인을 입다,"박찬숙, 권영걸",가인,,,전공·자격증·어학,,
30003,일본경제 공공디자인으로 다시 살아나다.,"박찬숙, 권영걸",가인,,,전공·자격증·어학,,
30004,똑똑한홍보팀을만드는실전홍보세미나,김태욱,커뮤니케이션북스,,,전공·자격증·어학,,
30005,인테리어건강을부르는웰빙,이성현.김소희,도서출판사(조경),,,전공·자격증·어학,,
30006,신토지보상해설,김은유,법률정보센타,,,전공·자격증·어학,,
30007,기업홍보의이론과실제,최재완,경희대학교 출판국,,,전공·자격증·어학,,
30008,도시와삶을풍요롭게하는공원녹지,이춘희,조경,,,전공·자격증·어학,,
30009,건축 토목 용어사전,건축토목사전용어위원회,㈜건설연구사,,,전공·자격증·어학,,
30010,한국의 조경수목,김성수,기문당,,,전공·자격증·어학,,
30011,조경설계기준,한국조경학회,기문당,,,전공·자격증·어학,,
30012,부동산관리론,이창석,신광문화사,,,전공·자격증·어학,,
30013,공사감독핸드북(건축),대한주택공사,건설도서,,,전공·자격증·어학,,
30014,행복한집구경,로이드 칸,시골생활,,,전공·자격증·어학,,
30015,마리나 조성계획과 실제,지삼업,대경북스,,,전공·자격증·어학,,
30016,ArcGIS이해와활용,윤정미,기문당,,,전공·자격증·어학,,
30017,태양열,에너지관리공단,북스힐,,,전공·자격증·어학,,
30018,도시재생의도시디자인,김기수 김영훈,기문당,,,전공·자격증·어학,,
30019,"국토, 지역계획론","대한국토, 도시계획학회",보성각,,,전공·자격증·어학,,
30020,주거단지계획과 도시경관,김영하,기문당,,,전공·자격증·어학,,
30021,부동산 마케팅(전략과 기법),"서상혁,고종욱,이선영",경문사,,,전공·자격증·어학,,
30022,신세기 마케팅관리론,함봉진,형설출판사,,,전공·자격증·어학,,
30023,"광장(Squares of Europe, Squares for Europe)",프랑코 만쿠조 외,생각의 나무,,,전공·자격증·어학,,
30024,BIM,"이강,문현준, 권순옥 외",spacetime,,,전공·자격증·어학,,
30025,회계천재가된 홍대리1,손봉석,다산북스,,,전공·자격증·어학,,
30026,회계천재가된 홍대리2,손봉석,다산북스,,,전공·자격증·어학,,
30027,회계천재가된 홍대리3,손봉석,다산북스,,,전공·자격증·어학,,
30028,회계천재가된 홍대리4,손봉석,다산북스,,,전공·자격증·어학,,
30029,회계천재가된 홍대리5,손봉석,다산북스,,,전공·자격증·어학,,
30030,디자인 스튜디오,박인학,가인,,,전공·자격증·어학,,
30031,단지계획(團地計劃),"대한국토,도시계획학회",보성각,,,전공·자격증·어학,,
30032,토지이용계획론,"대한국토, 도시계획학회",보성각,,,전공·자격증·어학,,
30033,부동산 마케팅론,심형석,두남,,,전공·자격증·어학,,
30034,부동산광고 실무,안효빈,새로운 제안,,,전공·자격증·어학,,
30035,조경디테일,이상석,도서출판 조경,,,전공·자격증·어학,,
30036,알기쉬운 공익사업과 토지보상,정진용,부연사,,,전공·자격증·어학,,
30037,이제 영어의 의문이 풀렸다,이진호,이강,,,전공·자격증·어학,,
30038,영국정원산책,오경아,디자인 하우스,,,전공·자격증·어학,,
30039,"도시, 디자인에 눈뜨다",김철,조이럭클럽,,,전공·자격증·어학,,
30040,"조경의 이해, 조경이란 무엇인가",아카사카 마코토,기문당,,,전공·자격증·어학,,
30041,사업계획과 사업타당성 분석,노순규,한국기업경영연구원,,,전공·자격증·어학,,
30042,공간구조와 도시개발,여흥구,보성각,,,전공·자격증·어학,,
30043,"현대실버타운 사업계획,개발",원융희,대왕사,,,전공·자격증·어학,,
30044,골프코스 설계 및 시공,마이클 허잔,도서출판 조경,,,전공·자격증·어학,,
30045,"2010 새로운 재건축, 재개발 이야기I","김종보,전연규",한국도시개발연구포럼,,,전공·자격증·어학,,
30046,"2010 새로운 재건축, 재개발 이야기II","김종보, 전연규",한국도시개발연구포럼,,,전공·자격증·어학,,
30047,AHP의 이론과 실제,키노시타 에이조우,인터버젼,,,전공·자격증·어학,,
30048,도시개발론,"대한국토,도시계획학회",보성각,,,전공·자격증·어학,,
30049,레인가든(RAIN GARDENS),Nigel Dunnett&Andy Clayden),도서출판 조경,,,전공·자격증·어학,,
30050,건축의 세계,조나단 글랜시,21세기북스,,,전공·자격증·어학,,
30051,액세스 2007 무작정따라하기,이종석,길벗,,,전공·자격증·어학,,
30052,경영전략기획 실무 강의노트,임채완,경제서적,,,전공·자격증·어학,,
30053,지방자치단체의 브랜드 경영전략,전승권,펴냄출판사,,,전공·자격증·어학,,
30054,새로 쓴 소프트웨어 공학,최은만,정익사,,,전공·자격증·어학,,
30055,데이타베이스 시스템,이석호,정익사,,,전공·자격증·어학,,
30056,오라클로 배우는 데이터베이스 개론과 실습,"박우창,남송휘,이현룡 등",한빛아카데미,,,전공·자격증·어학,,
30057,만화 공인중개사 1차,이용훈,영상출판미디어,,,전공·자격증·어학,,
30058,"만화 공인중개사 1차,2차 전과목 문제풀이집",이용훈,영상출판미디어,,,전공·자격증·어학,,
30059,2016시나공 컴퓨터활용능력 2급 실기,길벗알앤디,길벗,,,전공·자격증·어학,,
30060,2016시나공 컴퓨터활용능력 2급 실기 문제집,길벗알앤디,길,,,전공·자격증·어학,,
30061,CS Leaders 관리사 단기완성,CS리더스 관리연구소,시대고시기획,,,전공·자격증·어학,,
30062,균형성과관리지표 BSC,"로버트s.캐플린,데이비드p.노튼",한언,,,전공·자격증·어학,,
30063,BSC실천메뉴얼,"김희경,성은숙",시그마인사이트,,,전공·자격증·어학,,
30064,공사감독 핸드북(기계),LH,건설도서,,,전공·자격증·어학,,
30065,공사감독 핸드북(조경),LH,건설도서,,,전공·자격증·어학,,
30066,필립 코틀러의 퍼블릭마케팅,"필립코틀러,낸시리",위즈덤하우스,,,전공·자격증·어학,,
30067,필립코틀러 마케팅을 말하다,필립코틀러,비즈니스북스,,,전공·자격증·어학,,
30068,기획 실무 노트,조철선,전략시티,,,전공·자격증·어학,,
30069,현대 조경설계의 이론과 쟁점,배정환,도서출판 조경,,,전공·자격증·어학,,
30070,뉴 바 까페엔 풉스인 이테리,Silvio San pietro,EDIZIONE L`ARCHIVOLTO,,,전공·자격증·어학,,
30071,엑셀핵심노하우배우기,"김종학,이종석",디지털세상의안내자,,,전공·자격증·어학,,
30072,지금 당장 경영전략 공부하라,김남국,한빛비즈,,,전공·자격증·어학,,
30073,차별화로 핵심역량을 높이는 경영전략,마이클 포터 외,매일경제신문사,,,전공·자격증·어학,,
30074,지방공기업론,"안용식,원구환",대영문화사,,,전공·자격증·어학,,
30075,경영분석 및 원가계산실무,"이병길, 윤관호",어울림,,,전공·자격증·어학,,
30076,건설분쟁의 쟁점과 해법,길기관,진원사,,,전공·자격증·어학,,
30077,건설분쟁실무,배태민,진원사,,,전공·자격증·어학,,
30078,사업성 분석,"조익철,백운수,김한수",한국금융연수원,,,전공·자격증·어학,,
30079,컴퓨터활용능력 1급 실기,길벗알앤디,길벗,,,전공·자격증·어학,,
30080,2016 엑셀매크로&VBA 바이블,최준선,한빛미디어,,,전공·자격증·어학,,
30081,경제경영 핵심정리,매일경제 경제경영연구소,매일경제신문사,,,전공·자격증·어학,,
30082,경영학원론,Stephen P. Robbins 외 2,시그마프레스,,,전공·자격증·어학,,
30083,재난안전관리 매뉴얼,김재호,대경북스,,,전공·자격증·어학,,
30084,퍼펙트 주택임대 관리,박승국,한스미디어,,,전공·자격증·어학,,
30085,재난안전 A TO Z,"송창영, (재)한국재난안전기술원",기문당,,,전공·자격증·어학,,
30086,"서울, 건축의 도시를 걷다1",임석재,인물과 사상사,,,전공·자격증·어학,,
30087,"서울, 건축의 도시를 걷다2",임석재,인물과 사상,,,전공·자격증·어학,,
30088,한경과 성장을 추구하는 지속가능한 녹색도로,조용주 외,한국건설기술연구원,,,전공·자격증·어학,,
30089,녹색도시를 선도하는 기술전략,조용주 외,한국건설기술연구원,,,전공·자격증·어학,,
30090,사람과 자연이 바라는 지속가능한 물 관리,조용주 외,한국건설기술연구원,,,전공·자격증·어학,,
30091,IT FRAMEWORK 상,인포레버컨설팅출판부,인포드림,,,전공·자격증·어학,,
30092,IT FRAMEWORK 하,인포레버컨설팅출판부,인포드림,,,전공·자격증·어학,,
30093,경영학원론,김재명,박영사,,,전공·자격증·어학,,
30094,스토리가 있는 상가주택,정승이,주택문화사,,,전공·자격증·어학,,
30095,해커스 SMART 부동산경매,황정선,해커스패스,,,전공·자격증·어학,,
30096,민법 기본서(주택관리사 1차) 2019,신의영,에듀윌,,,전공·자격증·어학,,
30097,회계원리 기본서(주택관리사 1차) 2019,윤재옥,에듀윌,,,전공·자격증·어학,,
30098,공동주택시설개론 기본서(주택관리사 1차) 2019,김건일,에듀윌,,,전공·자격증·어학,,
30099,국가화재안전기준,정은재,예문사,,,전공·자격증·어학,,
30100,건설시공 현장실무,배영수,좋은땅,,,전공·자격증·어학,,
30101,혼자 공부하는 첫 프로그래밍 with 파이썬,문현일,한빛미디어,,,전공·자격증·어학,,
30102,건축설비기사 4주 완성 핵심이론 및 과년도 문제해설(2021),남재호,한솔아카데미,,,전공·자격증·어학,,
30103,Do it! 파이썬 생활프로그래밍,김창현,이지스퍼블리싱,,,전공·자격증·어학,,
30104,소방설비기사 필기 전기1(2022최신판),공하성,성안당,,,전공·자격증·어학,,
30105,2023 알기사 정보보안기사(산업기사) 필기 01. 이론편,조현준,탑스팟,,,전공·자격증·어학,,
30106,2023 알기사 정보보안기사(산업기사) 필기 02. 이론편,조현준,탑스팟,,,전공·자격증·어학,,
30107,2023 알기사 정보보안기사(산업기사) 핵심기출 1200제,조현준,탑스팟,,,전공·자격증·어학,,
30108,2023 알기사 정보보안기사(산업기사) 요약집+용어500선,조현준,탑스팟,,,전공·자격증·어학,,
30109,토지수용 및 손실보상절차 (발행 2022.01.15.),"김민규,김요한",법률출판사,,,전공·자격증·어학,,
30110,사내 근로 복지기금 결산실무 1탄,김승훈,씽크스마트,,,전공·자격증·어학,,
30111,가스기사 필기,가스연구회,세진북스,,,전공·자격증·어학,,
30112,독학으로 준비하는 수험서 가스기사 실기,서상희,일진사,,,전공·자격증·어학,,
30113,일빵빵 입에달고사는 기초영어1,서장혁,토마토출판사,,,전공·자격증·어학,,
30114,일빵빵 입에달고사는 기초영어2,서장혁,토마토출판사,,,전공·자격증·어학,,
30115,일빵빵 입에달고사는 기초영어3,서장혁,토마토출판사,,,전공·자격증·어학,,
30116,일빵빵 입에달고사는 기초영어4,서장혁,토마토출판사,,,전공·자격증·어학,,
30117,박회계사의 재무제표 분석법,박동흠,부크온,,,전공·자격증·어학,,
30118,서무업무 종합 매뉴얼,행정자치부,진한엠앤비,,,전공·자격증·어학,,
30119,제안활동 abc,김문태,한국표준협회미디어,,,전공·자격증·어학,,
30120,"공공기관 혁신, 이제 ERP로 시작하라","쉐인카바나, 로완 미란다",앰플래닝,,,전공·자격증·어학,,
30121,부동산 세일즈 성공전략,안효빈,새로운 제안,,,전공·자격증·어학,,
30122,HRD 플래닝,이희구,국일증권경제연구소,,,전공·자격증·어학,,
30123,인사교육담당자가 꼭 알아야 할 HRD 핵심지식 2,㈜고려아카데미컨설팅,㈜고려아카데미컨설팅 출판부,,,전공·자격증·어학,,
30124,진짜 미국식 영어 1,"김영철, 타일러",위즈덤하우스,,,전공·자격증·어학,,
30125,진짜 미국식 영어 2,"김영철, 타일러",위즈덤하우스,,,전공·자격증·어학,,
30126,큰별쌤 최태성의 별별한국사 심화(상),최태성,이투스북,,,전공·자격증·어학,,
30127,27년 동안 영어 공부에 실패했던 39세 김과장은 어떻게 3개월 만에 영어 천재가 됐을까,김영익,비즈니스북스,,,전공·자격증·어학,,
30128,혼자 공부하는 파이썬(개정판),윤인성,한빛미디어,,,전공·자격증·어학,,
30129,산업집적법 길라잡이,산업통상자원부,진한엠엔비,,,전공·자격증·어학,,
30130,미래 도시: 신도시계획 및 설계,이희정,서울시립대학교출판부,,,전공·자격증·어학,,
30131,도시는 다 계획이 있구나,장기민,미문사,,,전공·자격증·어학,,
"30132","CONQUEST 조경기사·조경산업기사 필기정복","성운환경조경,김진호","조경","","","전공·자격증·어학","",""
"30133","2023 도시계획기사 필기","Urban. Lee","예문사","","","전공·자격증·어학","",""
"30134","토지개발 가이드북","이승우","지식과 감성","","","전공·자격증·어학","",""
